{"reference_time": 1635258542, "sunset_time": 1635239457, "sunrise_time": 1635199444, "clouds": 83, "rain": {}, "snow": {}, "wind": {"speed": 1.73, "deg": 91, "gust": 2.79}, "humidity": 76, "pressure": {"press": 1018, "sea_level": null}, "temperature": {"temp": 290.47, "feels_like": 290.24}, "status": "Clouds", "detailed_status": "broken clouds", "weather_code": 803, "weather_icon_name": "04n", "visibility_distance": 10000, "dewpoint": 286.2, "humidex": null, "heat_index": null, "utc_offset": null, "uvi": 0, "precipitation_probability": null}