{"reference_time": 1636072202, "sunset_time": 1636102938, "sunrise_time": 1636063928, "clouds": 100, "rain": {"1h": 1.78}, "snow": {}, "wind": {"speed": 5.68, "deg": 127, "gust": 11.3}, "humidity": 96, "pressure": {"press": 1013, "sea_level": null}, "temperature": {"temp": 291.02, "feels_like": 291.37}, "status": "Rain", "detailed_status": "moderate rain", "weather_code": 501, "weather_icon_name": "10d", "visibility_distance": 6243, "dewpoint": 290.37, "humidex": null, "heat_index": null, "utc_offset": null, "uvi": 0.11, "precipitation_probability": null}