{"reference_time": 1635474482, "sunset_time": 1635498488, "sunrise_time": 1635458785, "clouds": 48, "rain": {}, "snow": {}, "wind": {"speed": 2.43, "deg": 16, "gust": 2.91}, "humidity": 64, "pressure": {"press": 1021, "sea_level": null}, "temperature": {"temp": 293.73, "feels_like": 293.51}, "status": "Clouds", "detailed_status": "scattered clouds", "weather_code": 802, "weather_icon_name": "03d", "visibility_distance": 10000, "dewpoint": 286.69, "humidex": null, "heat_index": null, "utc_offset": null, "uvi": 3.41, "precipitation_probability": null}