{"reference_time": 1638334866, "sunset_time": 1638348667, "sunrise_time": 1638311667, "clouds": 3, "rain": {}, "snow": {}, "wind": {"speed": 5.77, "deg": 343, "gust": 7.06}, "humidity": 47, "pressure": {"press": 1026, "sea_level": null}, "temperature": {"temp": 282.62, "feels_like": 279.8}, "status": "Clear", "detailed_status": "clear sky", "weather_code": 800, "weather_icon_name": "01d", "visibility_distance": 10000, "dewpoint": 272.03, "humidex": null, "heat_index": null, "utc_offset": null, "uvi": 2.61, "precipitation_probability": null}