{"reference_time": 1636553413, "sunset_time": 1636534727, "sunrise_time": 1636496183, "clouds": 0, "rain": {"1h": 0.13}, "snow": {}, "wind": {"speed": 4.33, "deg": 299, "gust": 8.15}, "humidity": 48, "pressure": {"press": 1017, "sea_level": null}, "temperature": {"temp": 284.88, "feels_like": 283.36}, "status": "Rain", "detailed_status": "light rain", "weather_code": 500, "weather_icon_name": "10n", "visibility_distance": 10000, "dewpoint": 274.24, "humidex": null, "heat_index": null, "utc_offset": null, "uvi": 0, "precipitation_probability": null}