{"reference_time": 1636382282, "sunset_time": 1636362007, "sunrise_time": 1636323280, "clouds": 10, "rain": {"1h": 0.22}, "snow": {}, "wind": {"speed": 4.58, "deg": 303, "gust": 7.87}, "humidity": 56, "pressure": {"press": 1023, "sea_level": null}, "temperature": {"temp": 279.91, "feels_like": 276.88}, "status": "Rain", "detailed_status": "light rain", "weather_code": 500, "weather_icon_name": "10n", "visibility_distance": 10000, "dewpoint": 271.92, "humidex": null, "heat_index": null, "utc_offset": null, "uvi": 0, "precipitation_probability": null}