{"reference_time": 1635251102, "sunset_time": 1635239457, "sunrise_time": 1635199444, "clouds": 95, "rain": {"1h": 0.18}, "snow": {}, "wind": {"speed": 2.05, "deg": 95, "gust": 2.87}, "humidity": 72, "pressure": {"press": 1018, "sea_level": null}, "temperature": {"temp": 291.05, "feels_like": 290.78}, "status": "Rain", "detailed_status": "light rain", "weather_code": 500, "weather_icon_name": "10n", "visibility_distance": 10000, "dewpoint": 285.94, "humidex": null, "heat_index": null, "utc_offset": null, "uvi": 0, "precipitation_probability": null}