{"reference_time": 1636300442, "sunset_time": 1636275649, "sunrise_time": 1636236829, "clouds": 100, "rain": {"1h": 0.17}, "snow": {}, "wind": {"speed": 0.89, "deg": 290, "gust": 7.15}, "humidity": 89, "pressure": {"press": 1019, "sea_level": null}, "temperature": {"temp": 279.44, "feels_like": 279.44}, "status": "Rain", "detailed_status": "light rain", "weather_code": 500, "weather_icon_name": "10n", "visibility_distance": 10000, "dewpoint": 277.76, "humidex": null, "heat_index": null, "utc_offset": null, "uvi": 0, "precipitation_probability": null}