{"reference_time": 1636884013, "sunset_time": 1636880185, "sunrise_time": 1636841991, "clouds": 0, "rain": {"1h": 0.32}, "snow": {}, "wind": {"speed": 0.45, "deg": 59, "gust": 1.79}, "humidity": 37, "pressure": {"press": 1018, "sea_level": null}, "temperature": {"temp": 289.95, "feels_like": 288.65}, "status": "Rain", "detailed_status": "light rain", "weather_code": 500, "weather_icon_name": "10n", "visibility_distance": 10000, "dewpoint": 275.19, "humidex": null, "heat_index": null, "utc_offset": null, "uvi": 0, "precipitation_probability": null}