{"reference_time": 1635459602, "sunset_time": 1635498488, "sunrise_time": 1635458785, "clouds": 95, "rain": {"1h": 0.12}, "snow": {}, "wind": {"speed": 2.3, "deg": 358, "gust": 4.01}, "humidity": 79, "pressure": {"press": 1021, "sea_level": null}, "temperature": {"temp": 288.37, "feels_like": 288.01}, "status": "Rain", "detailed_status": "light rain", "weather_code": 500, "weather_icon_name": "10d", "visibility_distance": 10000, "dewpoint": 284.76, "humidex": null, "heat_index": null, "utc_offset": null, "uvi": 0, "precipitation_probability": null}