{"reference_time": 1636817053, "sunset_time": 1636793819, "sunrise_time": 1636755538, "clouds": 0, "rain": {}, "snow": {}, "wind": {"speed": 2.29, "deg": 227, "gust": 4.59}, "humidity": 76, "pressure": {"press": 1019, "sea_level": null}, "temperature": {"temp": 285.52, "feels_like": 284.8}, "status": "Clear", "detailed_status": "clear sky", "weather_code": 800, "weather_icon_name": "01n", "visibility_distance": 10000, "dewpoint": 281.41, "humidex": null, "heat_index": null, "utc_offset": null, "uvi": 0, "precipitation_probability": null}