{"reference_time": 1637695022, "sunset_time": 1637743940, "sunrise_time": 1637706514, "clouds": 0, "rain": {}, "snow": {}, "wind": {"speed": 2.34, "deg": 245, "gust": 4.62}, "humidity": 45, "pressure": {"press": 1025, "sea_level": null}, "temperature": {"temp": 278.74, "feels_like": 276.89}, "status": "Clear", "detailed_status": "clear sky", "weather_code": 800, "weather_icon_name": "01n", "visibility_distance": 10000, "dewpoint": 268.36, "humidex": null, "heat_index": null, "utc_offset": null, "uvi": 0, "precipitation_probability": null}