{"reference_time": 1637613193, "sunset_time": 1637657557, "sunrise_time": 1637620062, "clouds": 27, "rain": {}, "snow": {}, "wind": {"speed": 4.82, "deg": 319, "gust": 6.73}, "humidity": 46, "pressure": {"press": 1024, "sea_level": null}, "temperature": {"temp": 277.69, "feels_like": 274}, "status": "Clouds", "detailed_status": "scattered clouds", "weather_code": 802, "weather_icon_name": "03n", "visibility_distance": 10000, "dewpoint": 267.76, "humidex": null, "heat_index": null, "utc_offset": null, "uvi": 0, "precipitation_probability": null}