{"reference_time": 1636330202, "sunset_time": 1636362007, "sunrise_time": 1636323280, "clouds": 71, "rain": {}, "snow": {}, "wind": {"speed": 1.34, "deg": 300, "gust": 5.36}, "humidity": 61, "pressure": {"press": 1024, "sea_level": null}, "temperature": {"temp": 277.82, "feels_like": 276.94}, "status": "Clouds", "detailed_status": "broken clouds", "weather_code": 803, "weather_icon_name": "04d", "visibility_distance": 10000, "dewpoint": 271.21, "humidex": null, "heat_index": null, "utc_offset": null, "uvi": 0.56, "precipitation_probability": null}