{"reference_time": 1637776862, "sunset_time": 1637830325, "sunrise_time": 1637792965, "clouds": 29, "rain": {}, "snow": {}, "wind": {"speed": 2.5, "deg": 227, "gust": 5.49}, "humidity": 65, "pressure": {"press": 1018, "sea_level": null}, "temperature": {"temp": 282.34, "feels_like": 281.01}, "status": "Clouds", "detailed_status": "scattered clouds", "weather_code": 802, "weather_icon_name": "03n", "visibility_distance": 10000, "dewpoint": 276.11, "humidex": null, "heat_index": null, "utc_offset": null, "uvi": 0, "precipitation_probability": null}