{"reference_time": 1635444542, "sunset_time": 1635498488, "sunrise_time": 1635458785, "clouds": 50, "rain": {"1h": 0.13}, "snow": {}, "wind": {"speed": 2.48, "deg": 5, "gust": 4.43}, "humidity": 74, "pressure": {"press": 1022, "sea_level": null}, "temperature": {"temp": 289.34, "feels_like": 288.95}, "status": "Rain", "detailed_status": "light rain", "weather_code": 500, "weather_icon_name": "10n", "visibility_distance": 10000, "dewpoint": 284.71, "humidex": null, "heat_index": null, "utc_offset": null, "uvi": 0, "precipitation_probability": null}