{"reference_time": 1638319982, "sunset_time": 1638348667, "sunrise_time": 1638311667, "clouds": 4, "rain": {}, "snow": {}, "wind": {"speed": 6.2, "deg": 321, "gust": 7.72}, "humidity": 65, "pressure": {"press": 1028, "sea_level": null}, "temperature": {"temp": 279.3, "feels_like": 275.43}, "status": "Clear", "detailed_status": "clear sky", "weather_code": 800, "weather_icon_name": "01d", "visibility_distance": 10000, "dewpoint": 273.22, "humidex": null, "heat_index": null, "utc_offset": null, "uvi": 1.06, "precipitation_probability": null}