{"reference_time": 1636087083, "sunset_time": 1636102938, "sunrise_time": 1636063928, "clouds": 100, "rain": {"1h": 0.37}, "snow": {}, "wind": {"speed": 3.98, "deg": 121, "gust": 8.04}, "humidity": 96, "pressure": {"press": 1010, "sea_level": null}, "temperature": {"temp": 291.65, "feels_like": 292.06}, "status": "Rain", "detailed_status": "light rain", "weather_code": 500, "weather_icon_name": "10d", "visibility_distance": 2413, "dewpoint": 291, "humidex": null, "heat_index": null, "utc_offset": null, "uvi": 0.3, "precipitation_probability": null}