{"reference_time": 1636389722, "sunset_time": 1636448367, "sunrise_time": 1636409731, "clouds": 42, "rain": {"1h": 0.21}, "snow": {}, "wind": {"speed": 5.12, "deg": 300, "gust": 8.61}, "humidity": 56, "pressure": {"press": 1023, "sea_level": null}, "temperature": {"temp": 279.37, "feels_like": 275.96}, "status": "Rain", "detailed_status": "light rain", "weather_code": 500, "weather_icon_name": "10n", "visibility_distance": 10000, "dewpoint": 271.47, "humidex": null, "heat_index": null, "utc_offset": null, "uvi": 0, "precipitation_probability": null}