{"reference_time": 1635377582, "sunset_time": 1635412143, "sunrise_time": 1635372337, "clouds": 13, "rain": {"1h": 0.15}, "snow": {}, "wind": {"speed": 3.59, "deg": 38, "gust": 4.84}, "humidity": 75, "pressure": {"press": 1022, "sea_level": null}, "temperature": {"temp": 288.91, "feels_like": 288.5}, "status": "Rain", "detailed_status": "light rain", "weather_code": 500, "weather_icon_name": "10d", "visibility_distance": 10000, "dewpoint": 284.49, "humidex": null, "heat_index": null, "utc_offset": null, "uvi": 0.76, "precipitation_probability": null}