{"reference_time": 1636802173, "sunset_time": 1636793819, "sunrise_time": 1636755538, "clouds": 32, "rain": {}, "snow": {}, "wind": {"speed": 3.14, "deg": 205, "gust": 5.26}, "humidity": 61, "pressure": {"press": 1018, "sea_level": null}, "temperature": {"temp": 287.2, "feels_like": 286.25}, "status": "Clouds", "detailed_status": "scattered clouds", "weather_code": 802, "weather_icon_name": "03n", "visibility_distance": 10000, "dewpoint": 279.8, "humidex": null, "heat_index": null, "utc_offset": null, "uvi": 0, "precipitation_probability": null}