{"reference_time": 1635422222, "sunset_time": 1635412143, "sunrise_time": 1635372337, "clouds": 18, "rain": {"1h": 0.19}, "snow": {}, "wind": {"speed": 2.93, "deg": 27, "gust": 4.83}, "humidity": 65, "pressure": {"press": 1022, "sea_level": null}, "temperature": {"temp": 290.51, "feels_like": 290}, "status": "Rain", "detailed_status": "light rain", "weather_code": 500, "weather_icon_name": "10n", "visibility_distance": 10000, "dewpoint": 283.87, "humidex": null, "heat_index": null, "utc_offset": null, "uvi": 0, "precipitation_probability": null}