{"reference_time": 1638141422, "sunset_time": 1638175879, "sunrise_time": 1638138768, "clouds": 97, "rain": {}, "snow": {}, "wind": {"speed": 2.24, "deg": 133, "gust": 5.37}, "humidity": 91, "pressure": {"press": 1025, "sea_level": null}, "temperature": {"temp": 289.16, "feels_like": 289.19}, "status": "Clouds", "detailed_status": "overcast clouds", "weather_code": 804, "weather_icon_name": "04d", "visibility_distance": 10000, "dewpoint": 287.69, "humidex": null, "heat_index": null, "utc_offset": null, "uvi": 0, "precipitation_probability": null}