{"reference_time": 1637910782, "sunset_time": 1637916711, "sunrise_time": 1637879417, "clouds": 58, "rain": {}, "snow": {}, "wind": {"speed": 3.26, "deg": 36, "gust": 3.42}, "humidity": 40, "pressure": {"press": 1023, "sea_level": null}, "temperature": {"temp": 290.94, "feels_like": 289.82}, "status": "Clouds", "detailed_status": "broken clouds", "weather_code": 803, "weather_icon_name": "04d", "visibility_distance": 10000, "dewpoint": 277.18, "humidex": null, "heat_index": null, "utc_offset": null, "uvi": 1.03, "precipitation_probability": null}