{"reference_time": 1637642958, "sunset_time": 1637657557, "sunrise_time": 1637620062, "clouds": 100, "rain": {}, "snow": {}, "wind": {"speed": 4.48, "deg": 317, "gust": 5.61}, "humidity": 30, "pressure": {"press": 1023, "sea_level": null}, "temperature": {"temp": 281.42, "feels_like": 278.8}, "status": "Clouds", "detailed_status": "overcast clouds", "weather_code": 804, "weather_icon_name": "04d", "visibility_distance": 10000, "dewpoint": 265.79, "humidex": null, "heat_index": null, "utc_offset": null, "uvi": 3.14, "precipitation_probability": null}