{"reference_time": 1636787291, "sunset_time": 1636793819, "sunrise_time": 1636755538, "clouds": 77, "rain": {}, "snow": {}, "wind": {"speed": 3.86, "deg": 217, "gust": 4.73}, "humidity": 39, "pressure": {"press": 1016, "sea_level": null}, "temperature": {"temp": 291.52, "feels_like": 290.43}, "status": "Clouds", "detailed_status": "broken clouds", "weather_code": 803, "weather_icon_name": "04d", "visibility_distance": 10000, "dewpoint": 277.33, "humidex": null, "heat_index": null, "utc_offset": null, "uvi": 1.08, "precipitation_probability": null}