{"reference_time": 1635392462, "sunset_time": 1635412143, "sunrise_time": 1635372337, "clouds": 17, "rain": {"1h": 0.1}, "snow": {}, "wind": {"speed": 3.82, "deg": 35, "gust": 3.86}, "humidity": 57, "pressure": {"press": 1021, "sea_level": null}, "temperature": {"temp": 293.73, "feels_like": 293.33}, "status": "Clouds", "detailed_status": "few clouds", "weather_code": 801, "weather_icon_name": "02d", "visibility_distance": 10000, "dewpoint": 284.92, "humidex": null, "heat_index": null, "utc_offset": null, "uvi": 5.23, "precipitation_probability": null}