{"reference_time": 1636627802, "sunset_time": 1636621090, "sunrise_time": 1636582634, "clouds": 45, "rain": {"1h": 0.21}, "snow": {}, "wind": {"speed": 5.17, "deg": 322, "gust": 9.19}, "humidity": 44, "pressure": {"press": 1018, "sea_level": null}, "temperature": {"temp": 287.56, "feels_like": 286.21}, "status": "Rain", "detailed_status": "light rain", "weather_code": 500, "weather_icon_name": "10n", "visibility_distance": 10000, "dewpoint": 275.47, "humidex": null, "heat_index": null, "utc_offset": null, "uvi": 0, "precipitation_probability": null}