{"reference_time": 1638037262, "sunset_time": 1638089488, "sunrise_time": 1638052318, "clouds": 21, "rain": {}, "snow": {}, "wind": {"speed": 3.48, "deg": 93, "gust": 6.63}, "humidity": 66, "pressure": {"press": 1031, "sea_level": null}, "temperature": {"temp": 286.16, "feels_like": 285.24}, "status": "Clouds", "detailed_status": "few clouds", "weather_code": 801, "weather_icon_name": "02n", "visibility_distance": 10000, "dewpoint": 279.96, "humidex": null, "heat_index": null, "utc_offset": null, "uvi": 0, "precipitation_probability": null}