{"reference_time": 1635467042, "sunset_time": 1635498488, "sunrise_time": 1635458785, "clouds": 81, "rain": {"1h": 0.2}, "snow": {}, "wind": {"speed": 2.86, "deg": 352, "gust": 3.92}, "humidity": 71, "pressure": {"press": 1022, "sea_level": null}, "temperature": {"temp": 291.62, "feels_like": 291.38}, "status": "Rain", "detailed_status": "light rain", "weather_code": 500, "weather_icon_name": "10d", "visibility_distance": 10000, "dewpoint": 286.27, "humidex": null, "heat_index": null, "utc_offset": null, "uvi": 0.74, "precipitation_probability": null}