{"reference_time": 1635504242, "sunset_time": 1635498488, "sunrise_time": 1635458785, "clouds": 22, "rain": {"1h": 0.41}, "snow": {}, "wind": {"speed": 3.17, "deg": 57, "gust": 4.25}, "humidity": 71, "pressure": {"press": 1020, "sea_level": null}, "temperature": {"temp": 291.65, "feels_like": 291.41}, "status": "Rain", "detailed_status": "light rain", "weather_code": 500, "weather_icon_name": "10n", "visibility_distance": 10000, "dewpoint": 286.3, "humidex": null, "heat_index": null, "utc_offset": null, "uvi": 0, "precipitation_probability": null}