{"reference_time": 1637925662, "sunset_time": 1637916711, "sunrise_time": 1637879417, "clouds": 72, "rain": {}, "snow": {}, "wind": {"speed": 3.55, "deg": 36, "gust": 5.8}, "humidity": 69, "pressure": {"press": 1026, "sea_level": null}, "temperature": {"temp": 286.62, "feels_like": 285.82}, "status": "Clouds", "detailed_status": "broken clouds", "weather_code": 803, "weather_icon_name": "04n", "visibility_distance": 10000, "dewpoint": 281.05, "humidex": null, "heat_index": null, "utc_offset": null, "uvi": 0, "precipitation_probability": null}