{"reference_time": 1635310622, "sunset_time": 1635325799, "sunrise_time": 1635285890, "clouds": 36, "rain": {}, "snow": {}, "wind": {"speed": 3.89, "deg": 27, "gust": 4.27}, "humidity": 58, "pressure": {"press": 1020, "sea_level": null}, "temperature": {"temp": 293.73, "feels_like": 293.36}, "status": "Clouds", "detailed_status": "scattered clouds", "weather_code": 802, "weather_icon_name": "03d", "visibility_distance": 10000, "dewpoint": 285.19, "humidex": null, "heat_index": null, "utc_offset": null, "uvi": 4.58, "precipitation_probability": null}