{"reference_time": 1636980722, "sunset_time": 1636966554, "sunrise_time": 1636928443, "clouds": 9, "rain": {"1h": 0.13}, "snow": {}, "wind": {"speed": 2.65, "deg": 150, "gust": 5.6}, "humidity": 62, "pressure": {"press": 1020, "sea_level": null}, "temperature": {"temp": 287.24, "feels_like": 286.32}, "status": "Rain", "detailed_status": "light rain", "weather_code": 500, "weather_icon_name": "10n", "visibility_distance": 10000, "dewpoint": 280.08, "humidex": null, "heat_index": null, "utc_offset": null, "uvi": 0, "precipitation_probability": null}