{"reference_time": 1636516213, "sunset_time": 1636534727, "sunrise_time": 1636496183, "clouds": 0, "rain": {}, "snow": {}, "wind": {"speed": 0.89, "deg": 326, "gust": 3.58}, "humidity": 32, "pressure": {"press": 1015, "sea_level": null}, "temperature": {"temp": 287.79, "feels_like": 286.15}, "status": "Clear", "detailed_status": "clear sky", "weather_code": 800, "weather_icon_name": "01d", "visibility_distance": 10000, "dewpoint": 271.51, "humidex": null, "heat_index": null, "utc_offset": null, "uvi": 3.82, "precipitation_probability": null}