{"reference_time": 1636958414, "sunset_time": 1636966554, "sunrise_time": 1636928443, "clouds": 0, "rain": {}, "snow": {}, "wind": {"speed": 3.07, "deg": 156, "gust": 2.8}, "humidity": 37, "pressure": {"press": 1017, "sea_level": null}, "temperature": {"temp": 294.23, "feels_like": 293.36}, "status": "Clear", "detailed_status": "clear sky", "weather_code": 800, "weather_icon_name": "01d", "visibility_distance": 10000, "dewpoint": 278.99, "humidex": null, "heat_index": null, "utc_offset": null, "uvi": 1.14, "precipitation_probability": null}