{"reference_time": 1638000062, "sunset_time": 1638003099, "sunrise_time": 1637965868, "clouds": 2, "rain": {}, "snow": {}, "wind": {"speed": 4.54, "deg": 72, "gust": 5.64}, "humidity": 56, "pressure": {"press": 1031, "sea_level": null}, "temperature": {"temp": 289.16, "feels_like": 288.28}, "status": "Clear", "detailed_status": "clear sky", "weather_code": 800, "weather_icon_name": "01d", "visibility_distance": 10000, "dewpoint": 280.4, "humidex": null, "heat_index": null, "utc_offset": null, "uvi": 0.3, "precipitation_probability": null}