{"reference_time": 1635407342, "sunset_time": 1635412143, "sunrise_time": 1635372337, "clouds": 58, "rain": {}, "snow": {}, "wind": {"speed": 3.94, "deg": 41, "gust": 4.16}, "humidity": 56, "pressure": {"press": 1020, "sea_level": null}, "temperature": {"temp": 293.7, "feels_like": 293.27}, "status": "Clouds", "detailed_status": "broken clouds", "weather_code": 803, "weather_icon_name": "04d", "visibility_distance": 10000, "dewpoint": 284.63, "humidex": null, "heat_index": null, "utc_offset": null, "uvi": 0.58, "precipitation_probability": null}