{"reference_time": 1637665273, "sunset_time": 1637657557, "sunrise_time": 1637620062, "clouds": 38, "rain": {}, "snow": {}, "wind": {"speed": 2.8, "deg": 314, "gust": 3.8}, "humidity": 38, "pressure": {"press": 1023, "sea_level": null}, "temperature": {"temp": 281.02, "feels_like": 279.24}, "status": "Clouds", "detailed_status": "scattered clouds", "weather_code": 802, "weather_icon_name": "03n", "visibility_distance": 10000, "dewpoint": 268.22, "humidex": null, "heat_index": null, "utc_offset": null, "uvi": 0, "precipitation_probability": null}