{"reference_time": 1638364633, "sunset_time": 1638348667, "sunrise_time": 1638311667, "clouds": 8, "rain": {}, "snow": {}, "wind": {"speed": 4.37, "deg": 342, "gust": 6.23}, "humidity": 55, "pressure": {"press": 1027, "sea_level": null}, "temperature": {"temp": 281.02, "feels_like": 278.35}, "status": "Clear", "detailed_status": "clear sky", "weather_code": 800, "weather_icon_name": "01n", "visibility_distance": 10000, "dewpoint": 272.62, "humidex": null, "heat_index": null, "utc_offset": null, "uvi": 0, "precipitation_probability": null}