{"reference_time": 1636898882, "sunset_time": 1636880185, "sunrise_time": 1636841991, "clouds": 0, "rain": {"1h": 0.12}, "snow": {}, "wind": {"speed": 1.55, "deg": 151, "gust": 1.76}, "humidity": 28, "pressure": {"press": 1022, "sea_level": null}, "temperature": {"temp": 288.74, "feels_like": 287.09}, "status": "Rain", "detailed_status": "light rain", "weather_code": 500, "weather_icon_name": "10n", "visibility_distance": 10000, "dewpoint": 270.64, "humidex": null, "heat_index": null, "utc_offset": null, "uvi": 0, "precipitation_probability": null}