{"reference_time": 1636854242, "sunset_time": 1636880185, "sunrise_time": 1636841991, "clouds": 0, "rain": {}, "snow": {}, "wind": {"speed": 2.81, "deg": 269, "gust": 4.1}, "humidity": 54, "pressure": {"press": 1020, "sea_level": null}, "temperature": {"temp": 289.75, "feels_like": 288.88}, "status": "Clear", "detailed_status": "clear sky", "weather_code": 800, "weather_icon_name": "01d", "visibility_distance": 10000, "dewpoint": 280.41, "humidex": null, "heat_index": null, "utc_offset": null, "uvi": 2.45, "precipitation_probability": null}