{"reference_time": 1638081902, "sunset_time": 1638089488, "sunrise_time": 1638052318, "clouds": 55, "rain": {}, "snow": {}, "wind": {"speed": 4.9, "deg": 113, "gust": 6.45}, "humidity": 58, "pressure": {"press": 1027, "sea_level": null}, "temperature": {"temp": 291.16, "feels_like": 290.53}, "status": "Clouds", "detailed_status": "broken clouds", "weather_code": 803, "weather_icon_name": "04d", "visibility_distance": 10000, "dewpoint": 282.78, "humidex": null, "heat_index": null, "utc_offset": null, "uvi": 0.8, "precipitation_probability": null}