{"reference_time": 1637672713, "sunset_time": 1637657557, "sunrise_time": 1637620062, "clouds": 4, "rain": {}, "snow": {}, "wind": {"speed": 2.09, "deg": 285, "gust": 3.31}, "humidity": 47, "pressure": {"press": 1024, "sea_level": null}, "temperature": {"temp": 279.47, "feels_like": 277.97}, "status": "Clear", "detailed_status": "clear sky", "weather_code": 800, "weather_icon_name": "01n", "visibility_distance": 10000, "dewpoint": 269.47, "humidex": null, "heat_index": null, "utc_offset": null, "uvi": 0, "precipitation_probability": null}