{"reference_time": 1638104222, "sunset_time": 1638089488, "sunrise_time": 1638052318, "clouds": 37, "rain": {}, "snow": {}, "wind": {"speed": 3.62, "deg": 119, "gust": 7.62}, "humidity": 73, "pressure": {"press": 1027, "sea_level": null}, "temperature": {"temp": 289.16, "feels_like": 288.72}, "status": "Clouds", "detailed_status": "scattered clouds", "weather_code": 802, "weather_icon_name": "03n", "visibility_distance": 10000, "dewpoint": 284.33, "humidex": null, "heat_index": null, "utc_offset": null, "uvi": 0, "precipitation_probability": null}