{"reference_time": 1637583433, "sunset_time": 1637571176, "sunrise_time": 1637533610, "clouds": 85, "rain": {}, "snow": {}, "wind": {"speed": 5.63, "deg": 335, "gust": 7.36}, "humidity": 38, "pressure": {"press": 1025, "sea_level": null}, "temperature": {"temp": 279.98, "feels_like": 276.51}, "status": "Clouds", "detailed_status": "overcast clouds", "weather_code": 804, "weather_icon_name": "04n", "visibility_distance": 10000, "dewpoint": 267.39, "humidex": null, "heat_index": null, "utc_offset": null, "uvi": 0, "precipitation_probability": null}