{"reference_time": 1635355262, "sunset_time": 1635412143, "sunrise_time": 1635372337, "clouds": 5, "rain": {"1h": 0.13}, "snow": {}, "wind": {"speed": 3.16, "deg": 23, "gust": 5.89}, "humidity": 83, "pressure": {"press": 1021, "sea_level": null}, "temperature": {"temp": 289.34, "feels_like": 289.18}, "status": "Rain", "detailed_status": "light rain", "weather_code": 500, "weather_icon_name": "10n", "visibility_distance": 10000, "dewpoint": 286.45, "humidex": null, "heat_index": null, "utc_offset": null, "uvi": 0, "precipitation_probability": null}