{"reference_time": 1636891453, "sunset_time": 1636880185, "sunrise_time": 1636841991, "clouds": 0, "rain": {"1h": 0.1}, "snow": {}, "wind": {"speed": 1.55, "deg": 119, "gust": 2.15}, "humidity": 47, "pressure": {"press": 1019, "sea_level": null}, "temperature": {"temp": 288.28, "feels_like": 287.08}, "status": "Clear", "detailed_status": "clear sky", "weather_code": 800, "weather_icon_name": "01n", "visibility_distance": 10000, "dewpoint": 277.06, "humidex": null, "heat_index": null, "utc_offset": null, "uvi": 0, "precipitation_probability": null}