{"reference_time": 1638126542, "sunset_time": 1638175879, "sunrise_time": 1638138768, "clouds": 89, "rain": {}, "snow": {}, "wind": {"speed": 1.76, "deg": 134, "gust": 2.93}, "humidity": 82, "pressure": {"press": 1025, "sea_level": null}, "temperature": {"temp": 288.16, "feels_like": 287.86}, "status": "Clouds", "detailed_status": "overcast clouds", "weather_code": 804, "weather_icon_name": "04n", "visibility_distance": 10000, "dewpoint": 285.12, "humidex": null, "heat_index": null, "utc_offset": null, "uvi": 0, "precipitation_probability": null}