{"reference_time": 1635347822, "sunset_time": 1635325799, "sunrise_time": 1635285890, "clouds": 4, "rain": {"1h": 0.12}, "snow": {}, "wind": {"speed": 3.67, "deg": 15, "gust": 6.01}, "humidity": 84, "pressure": {"press": 1021, "sea_level": null}, "temperature": {"temp": 289.88, "feels_like": 289.8}, "status": "Rain", "detailed_status": "light rain", "weather_code": 500, "weather_icon_name": "10n", "visibility_distance": 10000, "dewpoint": 287.17, "humidex": null, "heat_index": null, "utc_offset": null, "uvi": 0, "precipitation_probability": null}