{"reference_time": 1638007502, "sunset_time": 1638003099, "sunrise_time": 1637965868, "clouds": 1, "rain": {}, "snow": {}, "wind": {"speed": 4.12, "deg": 82, "gust": 6.39}, "humidity": 61, "pressure": {"press": 1032, "sea_level": null}, "temperature": {"temp": 287.16, "feels_like": 286.21}, "status": "Clear", "detailed_status": "clear sky", "weather_code": 800, "weather_icon_name": "01n", "visibility_distance": 10000, "dewpoint": 279.77, "humidex": null, "heat_index": null, "utc_offset": null, "uvi": 0, "precipitation_probability": null}