{"reference_time": 1635451982, "sunset_time": 1635498488, "sunrise_time": 1635458785, "clouds": 98, "rain": {"1h": 0.16}, "snow": {}, "wind": {"speed": 2.3, "deg": 1, "gust": 3.97}, "humidity": 75, "pressure": {"press": 1020, "sea_level": null}, "temperature": {"temp": 288.88, "feels_like": 288.47}, "status": "Rain", "detailed_status": "light rain", "weather_code": 500, "weather_icon_name": "10n", "visibility_distance": 10000, "dewpoint": 284.47, "humidex": null, "heat_index": null, "utc_offset": null, "uvi": 0, "precipitation_probability": null}