{"reference_time": 1636042442, "sunset_time": 1636102938, "sunrise_time": 1636063928, "clouds": 95, "rain": {"1h": 0.46}, "snow": {}, "wind": {"speed": 5.34, "deg": 133, "gust": 9.54}, "humidity": 84, "pressure": {"press": 1015, "sea_level": null}, "temperature": {"temp": 291.05, "feels_like": 291.09}, "status": "Rain", "detailed_status": "light rain", "weather_code": 500, "weather_icon_name": "10n", "visibility_distance": 10000, "dewpoint": 288.31, "humidex": null, "heat_index": null, "utc_offset": null, "uvi": 0, "precipitation_probability": null}