{"reference_time": 1636809603, "sunset_time": 1636793819, "sunrise_time": 1636755538, "clouds": 1, "rain": {}, "snow": {}, "wind": {"speed": 2.56, "deg": 214, "gust": 5.09}, "humidity": 69, "pressure": {"press": 1019, "sea_level": null}, "temperature": {"temp": 286.16, "feels_like": 285.32}, "status": "Clear", "detailed_status": "clear sky", "weather_code": 800, "weather_icon_name": "01n", "visibility_distance": 10000, "dewpoint": 280.61, "humidex": null, "heat_index": null, "utc_offset": null, "uvi": 0, "precipitation_probability": null}