{"reference_time": 1635541442, "sunset_time": 1635584834, "sunrise_time": 1635545232, "clouds": 97, "rain": {"1h": 0.16}, "snow": {}, "wind": {"speed": 2.18, "deg": 337, "gust": 3.72}, "humidity": 80, "pressure": {"press": 1019, "sea_level": null}, "temperature": {"temp": 289.98, "feels_like": 289.81}, "status": "Rain", "detailed_status": "light rain", "weather_code": 500, "weather_icon_name": "10n", "visibility_distance": 10000, "dewpoint": 286.51, "humidex": null, "heat_index": null, "utc_offset": null, "uvi": 0, "precipitation_probability": null}