{"reference_time": 1637709902, "sunset_time": 1637743940, "sunrise_time": 1637706514, "clouds": 0, "rain": {}, "snow": {}, "wind": {"speed": 2.3, "deg": 243, "gust": 4.42}, "humidity": 43, "pressure": {"press": 1025, "sea_level": null}, "temperature": {"temp": 279.13, "feels_like": 277.38}, "status": "Clear", "detailed_status": "clear sky", "weather_code": 800, "weather_icon_name": "01d", "visibility_distance": 10000, "dewpoint": 268.15, "humidex": null, "heat_index": null, "utc_offset": null, "uvi": 0, "precipitation_probability": null}