{"reference_time": 1635548882, "sunset_time": 1635584834, "sunrise_time": 1635545232, "clouds": 91, "rain": {"1h": 0.13}, "snow": {}, "wind": {"speed": 2.58, "deg": 335, "gust": 4.72}, "humidity": 81, "pressure": {"press": 1020, "sea_level": null}, "temperature": {"temp": 289.98, "feels_like": 289.83}, "status": "Rain", "detailed_status": "light rain", "weather_code": 500, "weather_icon_name": "10d", "visibility_distance": 10000, "dewpoint": 286.7, "humidex": null, "heat_index": null, "utc_offset": null, "uvi": 0.13, "precipitation_probability": null}