{"reference_time": 1638290222, "sunset_time": 1638348667, "sunrise_time": 1638311667, "clouds": 1, "rain": {}, "snow": {}, "wind": {"speed": 7.14, "deg": 327, "gust": 10.76}, "humidity": 50, "pressure": {"press": 1025, "sea_level": null}, "temperature": {"temp": 279.91, "feels_like": 275.88}, "status": "Clear", "detailed_status": "clear sky", "weather_code": 800, "weather_icon_name": "01n", "visibility_distance": 10000, "dewpoint": 270.56, "humidex": null, "heat_index": null, "utc_offset": null, "uvi": 0, "precipitation_probability": null}