{"reference_time": 1635511682, "sunset_time": 1635498488, "sunrise_time": 1635458785, "clouds": 18, "rain": {"1h": 0.13}, "snow": {}, "wind": {"speed": 2.03, "deg": 44, "gust": 3.31}, "humidity": 72, "pressure": {"press": 1020, "sea_level": null}, "temperature": {"temp": 291.58, "feels_like": 291.36}, "status": "Rain", "detailed_status": "light rain", "weather_code": 500, "weather_icon_name": "10n", "visibility_distance": 10000, "dewpoint": 286.45, "humidex": null, "heat_index": null, "utc_offset": null, "uvi": 0, "precipitation_probability": null}