{"reference_time": 1638029822, "sunset_time": 1638089488, "sunrise_time": 1638052318, "clouds": 6, "rain": {}, "snow": {}, "wind": {"speed": 3.84, "deg": 99, "gust": 7.35}, "humidity": 65, "pressure": {"press": 1032, "sea_level": null}, "temperature": {"temp": 286.16, "feels_like": 285.21}, "status": "Clear", "detailed_status": "clear sky", "weather_code": 800, "weather_icon_name": "01n", "visibility_distance": 10000, "dewpoint": 279.74, "humidex": null, "heat_index": null, "utc_offset": null, "uvi": 0, "precipitation_probability": null}