{"reference_time": 1636322762, "sunset_time": 1636362007, "sunrise_time": 1636323280, "clouds": 100, "rain": {}, "snow": {}, "wind": {"speed": 0.45, "deg": 297, "gust": 4.92}, "humidity": 68, "pressure": {"press": 1022, "sea_level": null}, "temperature": {"temp": 278.19, "feels_like": 278.19}, "status": "Clouds", "detailed_status": "overcast clouds", "weather_code": 804, "weather_icon_name": "04n", "visibility_distance": 10000, "dewpoint": 272.83, "humidex": null, "heat_index": null, "utc_offset": null, "uvi": 0, "precipitation_probability": null}