{"reference_time": 1636727773, "sunset_time": 1636707453, "sunrise_time": 1636669086, "clouds": 100, "rain": {"1h": 0.1}, "snow": {}, "wind": {"speed": 1.56, "deg": 175, "gust": 2.41}, "humidity": 53, "pressure": {"press": 1021, "sea_level": null}, "temperature": {"temp": 285.09, "feels_like": 283.72}, "status": "Clouds", "detailed_status": "overcast clouds", "weather_code": 804, "weather_icon_name": "04n", "visibility_distance": 10000, "dewpoint": 275.82, "humidex": null, "heat_index": null, "utc_offset": null, "uvi": 0, "precipitation_probability": null}