{"reference_time": 1638052142, "sunset_time": 1638089488, "sunrise_time": 1638052318, "clouds": 99, "rain": {}, "snow": {}, "wind": {"speed": 4.45, "deg": 121, "gust": 7.66}, "humidity": 59, "pressure": {"press": 1030, "sea_level": null}, "temperature": {"temp": 286.16, "feels_like": 285.06}, "status": "Clouds", "detailed_status": "overcast clouds", "weather_code": 804, "weather_icon_name": "04n", "visibility_distance": 10000, "dewpoint": 278.34, "humidex": null, "heat_index": null, "utc_offset": null, "uvi": 0, "precipitation_probability": null}