{"reference_time": 1637836382, "sunset_time": 1637830325, "sunrise_time": 1637792965, "clouds": 0, "rain": {}, "snow": {}, "wind": {"speed": 1.01, "deg": 131, "gust": 1.62}, "humidity": 47, "pressure": {"press": 1020, "sea_level": null}, "temperature": {"temp": 287.73, "feels_like": 286.47}, "status": "Clear", "detailed_status": "clear sky", "weather_code": 800, "weather_icon_name": "01n", "visibility_distance": 10000, "dewpoint": 276.56, "humidex": null, "heat_index": null, "utc_offset": null, "uvi": 0, "precipitation_probability": null}