{"reference_time": 1637605742, "sunset_time": 1637657557, "sunrise_time": 1637620062, "clouds": 41, "rain": {}, "snow": {}, "wind": {"speed": 4.84, "deg": 324, "gust": 6.62}, "humidity": 47, "pressure": {"press": 1024, "sea_level": null}, "temperature": {"temp": 278.23, "feels_like": 274.66}, "status": "Clouds", "detailed_status": "scattered clouds", "weather_code": 802, "weather_icon_name": "03n", "visibility_distance": 10000, "dewpoint": 268.46, "humidex": null, "heat_index": null, "utc_offset": null, "uvi": 0, "precipitation_probability": null}