{"reference_time": 1636493893, "sunset_time": 1636534727, "sunrise_time": 1636496183, "clouds": 0, "rain": {}, "snow": {}, "wind": {"speed": 5.58, "deg": 280, "gust": 10.81}, "humidity": 68, "pressure": {"press": 1016, "sea_level": null}, "temperature": {"temp": 282.49, "feels_like": 279.7}, "status": "Clear", "detailed_status": "clear sky", "weather_code": 800, "weather_icon_name": "01n", "visibility_distance": 10000, "dewpoint": 276.89, "humidex": null, "heat_index": null, "utc_offset": null, "uvi": 0, "precipitation_probability": null}