{"reference_time": 1638178622, "sunset_time": 1638175879, "sunrise_time": 1638138768, "clouds": 89, "rain": {}, "snow": {}, "wind": {"speed": 1.66, "deg": 151, "gust": 2.5}, "humidity": 90, "pressure": {"press": 1022, "sea_level": null}, "temperature": {"temp": 288.85, "feels_like": 288.83}, "status": "Clouds", "detailed_status": "overcast clouds", "weather_code": 804, "weather_icon_name": "04n", "visibility_distance": 10000, "dewpoint": 287.22, "humidex": null, "heat_index": null, "utc_offset": null, "uvi": 0, "precipitation_probability": null}