{"reference_time": 1637739662, "sunset_time": 1637743940, "sunrise_time": 1637706514, "clouds": 0, "rain": {}, "snow": {}, "wind": {"speed": 3.08, "deg": 235, "gust": 4.23}, "humidity": 28, "pressure": {"press": 1018, "sea_level": null}, "temperature": {"temp": 288.44, "feels_like": 286.76}, "status": "Clear", "detailed_status": "clear sky", "weather_code": 800, "weather_icon_name": "01d", "visibility_distance": 10000, "dewpoint": 270.41, "humidex": null, "heat_index": null, "utc_offset": null, "uvi": 0.33, "precipitation_probability": null}