{"reference_time": 1636441802, "sunset_time": 1636448367, "sunrise_time": 1636409731, "clouds": 3, "rain": {}, "snow": {}, "wind": {"speed": 6.4, "deg": 291, "gust": 9.14}, "humidity": 33, "pressure": {"press": 1017, "sea_level": null}, "temperature": {"temp": 286.08, "feels_like": 284.29}, "status": "Clear", "detailed_status": "clear sky", "weather_code": 800, "weather_icon_name": "01d", "visibility_distance": 10000, "dewpoint": 270.54, "humidex": null, "heat_index": null, "utc_offset": null, "uvi": 1.23, "precipitation_probability": null}