{"reference_time": 1636307882, "sunset_time": 1636362007, "sunrise_time": 1636323280, "clouds": 100, "rain": {}, "snow": {}, "wind": {"speed": 1.79, "deg": 284, "gust": 4.47}, "humidity": 86, "pressure": {"press": 1020, "sea_level": null}, "temperature": {"temp": 278.83, "feels_like": 277.53}, "status": "Clouds", "detailed_status": "overcast clouds", "weather_code": 804, "weather_icon_name": "04n", "visibility_distance": 10000, "dewpoint": 276.67, "humidex": null, "heat_index": null, "utc_offset": null, "uvi": 0, "precipitation_probability": null}