{"reference_time": 1637724793, "sunset_time": 1637743940, "sunrise_time": 1637706514, "clouds": 0, "rain": {}, "snow": {}, "wind": {"speed": 3.06, "deg": 233, "gust": 3.89}, "humidity": 34, "pressure": {"press": 1021, "sea_level": null}, "temperature": {"temp": 286.36, "feels_like": 284.62}, "status": "Clear", "detailed_status": "clear sky", "weather_code": 800, "weather_icon_name": "01d", "visibility_distance": 10000, "dewpoint": 271.12, "humidex": null, "heat_index": null, "utc_offset": null, "uvi": 3.72, "precipitation_probability": null}