{"reference_time": 1636352533, "sunset_time": 1636362007, "sunrise_time": 1636323280, "clouds": 8, "rain": {}, "snow": {}, "wind": {"speed": 2.68, "deg": 323, "gust": 6.26}, "humidity": 41, "pressure": {"press": 1022, "sea_level": null}, "temperature": {"temp": 281.72, "feels_like": 280.15}, "status": "Clear", "detailed_status": "clear sky", "weather_code": 800, "weather_icon_name": "01d", "visibility_distance": 10000, "dewpoint": 269.67, "humidex": null, "heat_index": null, "utc_offset": null, "uvi": 2.62, "precipitation_probability": null}