{"reference_time": 1635437102, "sunset_time": 1635498488, "sunrise_time": 1635458785, "clouds": 27, "rain": {"1h": 0.13}, "snow": {}, "wind": {"speed": 2.44, "deg": 7, "gust": 4.29}, "humidity": 72, "pressure": {"press": 1021, "sea_level": null}, "temperature": {"temp": 289.85, "feels_like": 289.46}, "status": "Rain", "detailed_status": "light rain", "weather_code": 500, "weather_icon_name": "10n", "visibility_distance": 10000, "dewpoint": 284.78, "humidex": null, "heat_index": null, "utc_offset": null, "uvi": 0, "precipitation_probability": null}