{"reference_time": 1637747113, "sunset_time": 1637743940, "sunrise_time": 1637706514, "clouds": 10, "rain": {}, "snow": {}, "wind": {"speed": 2.93, "deg": 213, "gust": 5.02}, "humidity": 37, "pressure": {"press": 1018, "sea_level": null}, "temperature": {"temp": 285.39, "feels_like": 283.64}, "status": "Clear", "detailed_status": "clear sky", "weather_code": 800, "weather_icon_name": "01n", "visibility_distance": 10000, "dewpoint": 271.37, "humidex": null, "heat_index": null, "utc_offset": null, "uvi": 0, "precipitation_probability": null}