{"reference_time": 1636501322, "sunset_time": 1636534727, "sunrise_time": 1636496183, "clouds": 0, "rain": {}, "snow": {}, "wind": {"speed": 0.45, "deg": 255, "gust": 1.34}, "humidity": 67, "pressure": {"press": 1017, "sea_level": null}, "temperature": {"temp": 283.13, "feels_like": 283.13}, "status": "Clear", "detailed_status": "clear sky", "weather_code": 800, "weather_icon_name": "01d", "visibility_distance": 10000, "dewpoint": 277.29, "humidex": null, "heat_index": null, "utc_offset": null, "uvi": 0.5, "precipitation_probability": null}