{"reference_time": 1635303182, "sunset_time": 1635325799, "sunrise_time": 1635285890, "clouds": 54, "rain": {}, "snow": {}, "wind": {"speed": 4.04, "deg": 18, "gust": 4.74}, "humidity": 62, "pressure": {"press": 1021, "sea_level": null}, "temperature": {"temp": 293.19, "feels_like": 292.87}, "status": "Clouds", "detailed_status": "broken clouds", "weather_code": 803, "weather_icon_name": "04d", "visibility_distance": 10000, "dewpoint": 285.69, "humidex": null, "heat_index": null, "utc_offset": null, "uvi": 4.64, "precipitation_probability": null}