{"reference_time": 1636750093, "sunset_time": 1636793819, "sunrise_time": 1636755538, "clouds": 100, "rain": {}, "snow": {}, "wind": {"speed": 1.98, "deg": 189, "gust": 3.01}, "humidity": 60, "pressure": {"press": 1019, "sea_level": null}, "temperature": {"temp": 283.51, "feels_like": 282.17}, "status": "Clouds", "detailed_status": "overcast clouds", "weather_code": 804, "weather_icon_name": "04n", "visibility_distance": 10000, "dewpoint": 276.09, "humidex": null, "heat_index": null, "utc_offset": null, "uvi": 0, "precipitation_probability": null}