{"reference_time": 1637769433, "sunset_time": 1637743940, "sunrise_time": 1637706514, "clouds": 48, "rain": {}, "snow": {}, "wind": {"speed": 2.61, "deg": 210, "gust": 6.04}, "humidity": 62, "pressure": {"press": 1019, "sea_level": null}, "temperature": {"temp": 281.83, "feels_like": 280.33}, "status": "Clouds", "detailed_status": "scattered clouds", "weather_code": 802, "weather_icon_name": "03n", "visibility_distance": 10000, "dewpoint": 274.96, "humidex": null, "heat_index": null, "utc_offset": null, "uvi": 0, "precipitation_probability": null}