{"reference_time": 1637620625, "sunset_time": 1637657557, "sunrise_time": 1637620062, "clouds": 18, "rain": {}, "snow": {}, "wind": {"speed": 4.56, "deg": 313, "gust": 6.4}, "humidity": 41, "pressure": {"press": 1025, "sea_level": null}, "temperature": {"temp": 277.19, "feels_like": 273.51}, "status": "Clouds", "detailed_status": "few clouds", "weather_code": 801, "weather_icon_name": "02d", "visibility_distance": 10000, "dewpoint": 266.02, "humidex": null, "heat_index": null, "utc_offset": null, "uvi": 0, "precipitation_probability": null}