{"reference_time": 1635325502, "sunset_time": 1635325799, "sunrise_time": 1635285890, "clouds": 6, "rain": {}, "snow": {}, "wind": {"speed": 3.45, "deg": 38, "gust": 4.42}, "humidity": 64, "pressure": {"press": 1020, "sea_level": null}, "temperature": {"temp": 292.58, "feels_like": 292.25}, "status": "Clear", "detailed_status": "clear sky", "weather_code": 800, "weather_icon_name": "01d", "visibility_distance": 10000, "dewpoint": 285.6, "humidex": null, "heat_index": null, "utc_offset": null, "uvi": 0, "precipitation_probability": null}