{"reference_time": 1637933102, "sunset_time": 1637916711, "sunrise_time": 1637879417, "clouds": 5, "rain": {}, "snow": {}, "wind": {"speed": 3.07, "deg": 39, "gust": 5.73}, "humidity": 59, "pressure": {"press": 1030, "sea_level": null}, "temperature": {"temp": 286.16, "feels_like": 285.06}, "status": "Clear", "detailed_status": "clear sky", "weather_code": 800, "weather_icon_name": "01n", "visibility_distance": 10000, "dewpoint": 278.34, "humidex": null, "heat_index": null, "utc_offset": null, "uvi": 0, "precipitation_probability": null}