{"reference_time": 1635534002, "sunset_time": 1635584834, "sunrise_time": 1635545232, "clouds": 94, "rain": {"1h": 0.12}, "snow": {}, "wind": {"speed": 2.06, "deg": 338, "gust": 3.22}, "humidity": 76, "pressure": {"press": 1019, "sea_level": null}, "temperature": {"temp": 290.41, "feels_like": 290.18}, "status": "Rain", "detailed_status": "light rain", "weather_code": 500, "weather_icon_name": "10n", "visibility_distance": 10000, "dewpoint": 286.14, "humidex": null, "heat_index": null, "utc_offset": null, "uvi": 0, "precipitation_probability": null}