{"reference_time": 1635481922, "sunset_time": 1635498488, "sunrise_time": 1635458785, "clouds": 24, "rain": {}, "snow": {}, "wind": {"speed": 2.67, "deg": 46, "gust": 2.09}, "humidity": 65, "pressure": {"press": 1020, "sea_level": null}, "temperature": {"temp": 293.73, "feels_like": 293.54}, "status": "Clouds", "detailed_status": "few clouds", "weather_code": 801, "weather_icon_name": "02d", "visibility_distance": 10000, "dewpoint": 286.93, "humidex": null, "heat_index": null, "utc_offset": null, "uvi": 4.63, "precipitation_probability": null}