{"reference_time": 1636921202, "sunset_time": 1636966554, "sunrise_time": 1636928443, "clouds": 49, "rain": {"1h": 0.21}, "snow": {}, "wind": {"speed": 1.01, "deg": 219, "gust": 1.09}, "humidity": 48, "pressure": {"press": 1021, "sea_level": null}, "temperature": {"temp": 286.75, "feels_like": 285.42}, "status": "Rain", "detailed_status": "light rain", "weather_code": 500, "weather_icon_name": "10n", "visibility_distance": 10000, "dewpoint": 275.96, "humidex": null, "heat_index": null, "utc_offset": null, "uvi": 0, "precipitation_probability": null}