{"reference_time": 1638275342, "sunset_time": 1638262272, "sunrise_time": 1638225218, "clouds": 5, "rain": {}, "snow": {}, "wind": {"speed": 8, "deg": 322, "gust": 11.9}, "humidity": 51, "pressure": {"press": 1024, "sea_level": null}, "temperature": {"temp": 282.12, "feels_like": 278.48}, "status": "Clear", "detailed_status": "clear sky", "weather_code": 800, "weather_icon_name": "01n", "visibility_distance": 10000, "dewpoint": 272.61, "humidex": null, "heat_index": null, "utc_offset": null, "uvi": 0, "precipitation_probability": null}