{"reference_time": 1637732233, "sunset_time": 1637743940, "sunrise_time": 1637706514, "clouds": 0, "rain": {}, "snow": {}, "wind": {"speed": 3.32, "deg": 232, "gust": 4.35}, "humidity": 28, "pressure": {"press": 1019, "sea_level": null}, "temperature": {"temp": 287.96, "feels_like": 286.23}, "status": "Clear", "detailed_status": "clear sky", "weather_code": 800, "weather_icon_name": "01d", "visibility_distance": 10000, "dewpoint": 270.04, "humidex": null, "heat_index": null, "utc_offset": null, "uvi": 2.21, "precipitation_probability": null}