{"reference_time": 1635399912, "sunset_time": 1635412143, "sunrise_time": 1635372337, "clouds": 18, "rain": {}, "snow": {}, "wind": {"speed": 3.96, "deg": 39, "gust": 3.83}, "humidity": 55, "pressure": {"press": 1020, "sea_level": null}, "temperature": {"temp": 294.26, "feels_like": 293.86}, "status": "Clouds", "detailed_status": "few clouds", "weather_code": 801, "weather_icon_name": "02d", "visibility_distance": 10000, "dewpoint": 284.88, "humidex": null, "heat_index": null, "utc_offset": null, "uvi": 3.24, "precipitation_probability": null}