{"reference_time": 1636035003, "sunset_time": 1636016584, "sunrise_time": 1635977477, "clouds": 91, "rain": {"1h": 0.15}, "snow": {}, "wind": {"speed": 5.71, "deg": 131, "gust": 10.4}, "humidity": 80, "pressure": {"press": 1016, "sea_level": null}, "temperature": {"temp": 291.51, "feels_like": 291.49}, "status": "Rain", "detailed_status": "light rain", "weather_code": 500, "weather_icon_name": "10n", "visibility_distance": 10000, "dewpoint": 288, "humidex": null, "heat_index": null, "utc_offset": null, "uvi": 0, "precipitation_probability": null}