{"reference_time": 1636404602, "sunset_time": 1636448367, "sunrise_time": 1636409731, "clouds": 63, "rain": {"1h": 0.1}, "snow": {}, "wind": {"speed": 4.67, "deg": 297, "gust": 9.18}, "humidity": 59, "pressure": {"press": 1021, "sea_level": null}, "temperature": {"temp": 278.8, "feels_like": 275.46}, "status": "Clouds", "detailed_status": "broken clouds", "weather_code": 803, "weather_icon_name": "04n", "visibility_distance": 10000, "dewpoint": 271.63, "humidex": null, "heat_index": null, "utc_offset": null, "uvi": 0, "precipitation_probability": null}