{"reference_time": 1638148862, "sunset_time": 1638175879, "sunrise_time": 1638138768, "clouds": 100, "rain": {}, "snow": {}, "wind": {"speed": 2.54, "deg": 152, "gust": 4.87}, "humidity": 88, "pressure": {"press": 1025, "sea_level": null}, "temperature": {"temp": 290.16, "feels_like": 290.21}, "status": "Clouds", "detailed_status": "overcast clouds", "weather_code": 804, "weather_icon_name": "04d", "visibility_distance": 10000, "dewpoint": 288.16, "humidex": null, "heat_index": null, "utc_offset": null, "uvi": 0.25, "precipitation_probability": null}