{"reference_time": 1635295742, "sunset_time": 1635325799, "sunrise_time": 1635285890, "clouds": 82, "rain": {}, "snow": {}, "wind": {"speed": 3.51, "deg": 10, "gust": 4.67}, "humidity": 73, "pressure": {"press": 1021, "sea_level": null}, "temperature": {"temp": 291.79, "feels_like": 291.62}, "status": "Clouds", "detailed_status": "broken clouds", "weather_code": 803, "weather_icon_name": "04d", "visibility_distance": 10000, "dewpoint": 286.86, "humidex": null, "heat_index": null, "utc_offset": null, "uvi": 1.94, "precipitation_probability": null}