{"reference_time": 1636345093, "sunset_time": 1636362007, "sunrise_time": 1636323280, "clouds": 6, "rain": {}, "snow": {}, "wind": {"speed": 1.34, "deg": 309, "gust": 4.92}, "humidity": 46, "pressure": {"press": 1022, "sea_level": null}, "temperature": {"temp": 280.78, "feels_like": 280.29}, "status": "Clear", "detailed_status": "clear sky", "weather_code": 800, "weather_icon_name": "01d", "visibility_distance": 10000, "dewpoint": 270.28, "humidex": null, "heat_index": null, "utc_offset": null, "uvi": 4.28, "precipitation_probability": null}