{"reference_time": 1638156302, "sunset_time": 1638175879, "sunrise_time": 1638138768, "clouds": 100, "rain": {}, "snow": {}, "wind": {"speed": 2.86, "deg": 141, "gust": 5}, "humidity": 89, "pressure": {"press": 1025, "sea_level": null}, "temperature": {"temp": 292.16, "feels_like": 292.44}, "status": "Clouds", "detailed_status": "overcast clouds", "weather_code": 804, "weather_icon_name": "04d", "visibility_distance": 10000, "dewpoint": 290.31, "humidex": null, "heat_index": null, "utc_offset": null, "uvi": 0.65, "precipitation_probability": null}