{"reference_time": 1637903342, "sunset_time": 1637916711, "sunrise_time": 1637879417, "clouds": 0, "rain": {}, "snow": {}, "wind": {"speed": 3.04, "deg": 8, "gust": 3.39}, "humidity": 37, "pressure": {"press": 1023, "sea_level": null}, "temperature": {"temp": 290.94, "feels_like": 289.74}, "status": "Clear", "detailed_status": "clear sky", "weather_code": 800, "weather_icon_name": "01d", "visibility_distance": 10000, "dewpoint": 276.07, "humidex": null, "heat_index": null, "utc_offset": null, "uvi": 3.03, "precipitation_probability": null}