{"reference_time": 1636079642, "sunset_time": 1636102938, "sunrise_time": 1636063928, "clouds": 100, "rain": {"1h": 0.13}, "snow": {}, "wind": {"speed": 4.26, "deg": 124, "gust": 9.13}, "humidity": 96, "pressure": {"press": 1012, "sea_level": null}, "temperature": {"temp": 291.58, "feels_like": 291.99}, "status": "Rain", "detailed_status": "light rain", "weather_code": 500, "weather_icon_name": "10d", "visibility_distance": 5090, "dewpoint": 290.93, "humidex": null, "heat_index": null, "utc_offset": null, "uvi": 0.28, "precipitation_probability": null}