{"reference_time": 1635265982, "sunset_time": 1635325799, "sunrise_time": 1635285890, "clouds": 87, "rain": {}, "snow": {}, "wind": {"speed": 0.64, "deg": 105, "gust": 1.14}, "humidity": 79, "pressure": {"press": 1019, "sea_level": null}, "temperature": {"temp": 289.18, "feels_like": 288.9}, "status": "Clouds", "detailed_status": "overcast clouds", "weather_code": 804, "weather_icon_name": "04n", "visibility_distance": 10000, "dewpoint": 285.54, "humidex": null, "heat_index": null, "utc_offset": null, "uvi": 0, "precipitation_probability": null}