{"reference_time": 1636936082, "sunset_time": 1636966554, "sunrise_time": 1636928443, "clouds": 22, "rain": {"1h": 0.1}, "snow": {}, "wind": {"speed": 0.26, "deg": 203, "gust": 0.52}, "humidity": 83, "pressure": {"press": 1021, "sea_level": null}, "temperature": {"temp": 285.94, "feels_like": 285.44}, "status": "Clouds", "detailed_status": "few clouds", "weather_code": 801, "weather_icon_name": "02d", "visibility_distance": 10000, "dewpoint": 283.13, "humidex": null, "heat_index": null, "utc_offset": null, "uvi": 0.48, "precipitation_probability": null}