{"reference_time": 1635556322, "sunset_time": 1635584834, "sunrise_time": 1635545232, "clouds": 2, "rain": {}, "snow": {}, "wind": {"speed": 3.47, "deg": 339, "gust": 4.51}, "humidity": 66, "pressure": {"press": 1022, "sea_level": null}, "temperature": {"temp": 292.47, "feels_like": 292.18}, "status": "Clear", "detailed_status": "clear sky", "weather_code": 800, "weather_icon_name": "01d", "visibility_distance": 10000, "dewpoint": 285.97, "humidex": null, "heat_index": null, "utc_offset": null, "uvi": 1.93, "precipitation_probability": null}