{"reference_time": 1638253022, "sunset_time": 1638262272, "sunrise_time": 1638225218, "clouds": 36, "rain": {}, "snow": {}, "wind": {"speed": 9.4, "deg": 321, "gust": 14.3}, "humidity": 56, "pressure": {"press": 1020, "sea_level": null}, "temperature": {"temp": 283.77, "feels_like": 282.35}, "status": "Clouds", "detailed_status": "scattered clouds", "weather_code": 802, "weather_icon_name": "03d", "visibility_distance": 10000, "dewpoint": 275.36, "humidex": null, "heat_index": null, "utc_offset": null, "uvi": 1.92, "precipitation_probability": null}