{"reference_time": 1636605493, "sunset_time": 1636621090, "sunrise_time": 1636582634, "clouds": 0, "rain": {}, "snow": {}, "wind": {"speed": 2.24, "deg": 306, "gust": 4.02}, "humidity": 35, "pressure": {"press": 1017, "sea_level": null}, "temperature": {"temp": 288.97, "feels_like": 287.52}, "status": "Clear", "detailed_status": "clear sky", "weather_code": 800, "weather_icon_name": "01d", "visibility_distance": 10000, "dewpoint": 273.55, "humidex": null, "heat_index": null, "utc_offset": null, "uvi": 3.32, "precipitation_probability": null}