{"reference_time": 1636612922, "sunset_time": 1636621090, "sunrise_time": 1636582634, "clouds": 24, "rain": {}, "snow": {}, "wind": {"speed": 6.14, "deg": 301, "gust": 9.3}, "humidity": 34, "pressure": {"press": 1016, "sea_level": null}, "temperature": {"temp": 290.05, "feels_like": 288.68}, "status": "Clouds", "detailed_status": "few clouds", "weather_code": 801, "weather_icon_name": "02d", "visibility_distance": 10000, "dewpoint": 274.1, "humidex": null, "heat_index": null, "utc_offset": null, "uvi": 1.19, "precipitation_probability": null}