{"reference_time": 1636315322, "sunset_time": 1636362007, "sunrise_time": 1636323280, "clouds": 100, "rain": {}, "snow": {}, "wind": {"speed": 0.45, "deg": 343, "gust": 4.02}, "humidity": 69, "pressure": {"press": 1021, "sea_level": null}, "temperature": {"temp": 278.8, "feels_like": 278.8}, "status": "Clouds", "detailed_status": "overcast clouds", "weather_code": 804, "weather_icon_name": "04n", "visibility_distance": 10000, "dewpoint": 273.57, "humidex": null, "heat_index": null, "utc_offset": null, "uvi": 0, "precipitation_probability": null}