{"reference_time": 1635273422, "sunset_time": 1635325799, "sunrise_time": 1635285890, "clouds": 40, "rain": {}, "snow": {}, "wind": {"speed": 0.63, "deg": 300, "gust": 1.09}, "humidity": 81, "pressure": {"press": 1019, "sea_level": null}, "temperature": {"temp": 289.41, "feels_like": 289.21}, "status": "Clouds", "detailed_status": "scattered clouds", "weather_code": 802, "weather_icon_name": "03n", "visibility_distance": 10000, "dewpoint": 286.15, "humidex": null, "heat_index": null, "utc_offset": null, "uvi": 0, "precipitation_probability": null}