{"reference_time": 1636359973, "sunset_time": 1636362007, "sunrise_time": 1636323280, "clouds": 4, "rain": {}, "snow": {}, "wind": {"speed": 1.34, "deg": 295, "gust": 4.47}, "humidity": 45, "pressure": {"press": 1022, "sea_level": null}, "temperature": {"temp": 281.18, "feels_like": 280.74}, "status": "Clear", "detailed_status": "clear sky", "weather_code": 800, "weather_icon_name": "01d", "visibility_distance": 10000, "dewpoint": 270.34, "humidex": null, "heat_index": null, "utc_offset": null, "uvi": 0.44, "precipitation_probability": null}