{"reference_time": 1636464131, "sunset_time": 1636448367, "sunrise_time": 1636409731, "clouds": 96, "rain": {}, "snow": {}, "wind": {"speed": 5.07, "deg": 280, "gust": 9.77}, "humidity": 48, "pressure": {"press": 1018, "sea_level": null}, "temperature": {"temp": 284.24, "feels_like": 282.66}, "status": "Clouds", "detailed_status": "overcast clouds", "weather_code": 804, "weather_icon_name": "04n", "visibility_distance": 10000, "dewpoint": 273.65, "humidex": null, "heat_index": null, "utc_offset": null, "uvi": 0, "precipitation_probability": null}