{"reference_time": 1638327422, "sunset_time": 1638348667, "sunrise_time": 1638311667, "clouds": 4, "rain": {}, "snow": {}, "wind": {"speed": 6.22, "deg": 328, "gust": 7.47}, "humidity": 58, "pressure": {"press": 1028, "sea_level": null}, "temperature": {"temp": 280.98, "feels_like": 277.56}, "status": "Clear", "detailed_status": "clear sky", "weather_code": 800, "weather_icon_name": "01d", "visibility_distance": 10000, "dewpoint": 273.24, "humidex": null, "heat_index": null, "utc_offset": null, "uvi": 2.75, "precipitation_probability": null}