{"reference_time": 1636568293, "sunset_time": 1636621090, "sunrise_time": 1636582634, "clouds": 0, "rain": {"1h": 0.12}, "snow": {}, "wind": {"speed": 3.06, "deg": 273, "gust": 7.51}, "humidity": 56, "pressure": {"press": 1017, "sea_level": null}, "temperature": {"temp": 283.2, "feels_like": 281.72}, "status": "Rain", "detailed_status": "light rain", "weather_code": 500, "weather_icon_name": "10n", "visibility_distance": 10000, "dewpoint": 274.83, "humidex": null, "heat_index": null, "utc_offset": null, "uvi": 0, "precipitation_probability": null}