{"reference_time": 1635489362, "sunset_time": 1635498488, "sunrise_time": 1635458785, "clouds": 7, "rain": {}, "snow": {}, "wind": {"speed": 3.39, "deg": 55, "gust": 2.75}, "humidity": 61, "pressure": {"press": 1019, "sea_level": null}, "temperature": {"temp": 294.3, "feels_like": 294.06}, "status": "Clear", "detailed_status": "clear sky", "weather_code": 800, "weather_icon_name": "01d", "visibility_distance": 10000, "dewpoint": 286.49, "humidex": null, "heat_index": null, "utc_offset": null, "uvi": 1.7, "precipitation_probability": null}