{"reference_time": 1637977742, "sunset_time": 1638003099, "sunrise_time": 1637965868, "clouds": 1, "rain": {}, "snow": {}, "wind": {"speed": 4.68, "deg": 74, "gust": 5.65}, "humidity": 52, "pressure": {"press": 1033, "sea_level": null}, "temperature": {"temp": 289.16, "feels_like": 288.17}, "status": "Clear", "detailed_status": "clear sky", "weather_code": 800, "weather_icon_name": "01d", "visibility_distance": 10000, "dewpoint": 279.32, "humidex": null, "heat_index": null, "utc_offset": null, "uvi": 2.3, "precipitation_probability": null}