{"reference_time": 1638238142, "sunset_time": 1638262272, "sunrise_time": 1638225218, "clouds": 85, "rain": {}, "snow": {}, "wind": {"speed": 9.19, "deg": 306, "gust": 14.94}, "humidity": 68, "pressure": {"press": 1020, "sea_level": null}, "temperature": {"temp": 283.83, "feels_like": 282.73}, "status": "Clouds", "detailed_status": "overcast clouds", "weather_code": 804, "weather_icon_name": "04d", "visibility_distance": 10000, "dewpoint": 278.17, "humidex": null, "heat_index": null, "utc_offset": null, "uvi": 1.94, "precipitation_probability": null}