{"reference_time": 1636824493, "sunset_time": 1636880185, "sunrise_time": 1636841991, "clouds": 0, "rain": {}, "snow": {}, "wind": {"speed": 2.13, "deg": 241, "gust": 4.25}, "humidity": 81, "pressure": {"press": 1019, "sea_level": null}, "temperature": {"temp": 285.42, "feels_like": 284.82}, "status": "Clear", "detailed_status": "clear sky", "weather_code": 800, "weather_icon_name": "01n", "visibility_distance": 10000, "dewpoint": 282.26, "humidex": null, "heat_index": null, "utc_offset": null, "uvi": 0, "precipitation_probability": null}