{"reference_time": 1637866142, "sunset_time": 1637916711, "sunrise_time": 1637879417, "clouds": 5, "rain": {}, "snow": {}, "wind": {"speed": 1.32, "deg": 280, "gust": 1.36}, "humidity": 40, "pressure": {"press": 1023, "sea_level": null}, "temperature": {"temp": 285.47, "feels_like": 283.8}, "status": "Clear", "detailed_status": "clear sky", "weather_code": 800, "weather_icon_name": "01n", "visibility_distance": 10000, "dewpoint": 272.37, "humidex": null, "heat_index": null, "utc_offset": null, "uvi": 0, "precipitation_probability": null}