{"reference_time": 1636913773, "sunset_time": 1636966554, "sunrise_time": 1636928443, "clouds": 0, "rain": {"1h": 0.12}, "snow": {}, "wind": {"speed": 0.73, "deg": 220, "gust": 0.75}, "humidity": 48, "pressure": {"press": 1022, "sea_level": null}, "temperature": {"temp": 286.61, "feels_like": 285.26}, "status": "Rain", "detailed_status": "light rain", "weather_code": 500, "weather_icon_name": "10n", "visibility_distance": 10000, "dewpoint": 275.83, "humidex": null, "heat_index": null, "utc_offset": null, "uvi": 0, "precipitation_probability": null}