{"reference_time": 1635362702, "sunset_time": 1635412143, "sunrise_time": 1635372337, "clouds": 18, "rain": {"1h": 0.12}, "snow": {}, "wind": {"speed": 3.03, "deg": 19, "gust": 5.59}, "humidity": 77, "pressure": {"press": 1020, "sea_level": null}, "temperature": {"temp": 288.78, "feels_like": 288.41}, "status": "Rain", "detailed_status": "light rain", "weather_code": 500, "weather_icon_name": "10n", "visibility_distance": 10000, "dewpoint": 284.77, "humidex": null, "heat_index": null, "utc_offset": null, "uvi": 0, "precipitation_probability": null}