{"reference_time": 1635332942, "sunset_time": 1635325799, "sunrise_time": 1635285890, "clouds": 5, "rain": {"1h": 0.2}, "snow": {}, "wind": {"speed": 3.17, "deg": 22, "gust": 4.94}, "humidity": 69, "pressure": {"press": 1021, "sea_level": null}, "temperature": {"temp": 291.55, "feels_like": 291.25}, "status": "Rain", "detailed_status": "light rain", "weather_code": 500, "weather_icon_name": "10n", "visibility_distance": 10000, "dewpoint": 285.77, "humidex": null, "heat_index": null, "utc_offset": null, "uvi": 0, "precipitation_probability": null}