{"reference_time": 1637851262, "sunset_time": 1637830325, "sunrise_time": 1637792965, "clouds": 4, "rain": {}, "snow": {}, "wind": {"speed": 0.73, "deg": 194, "gust": 0.83}, "humidity": 59, "pressure": {"press": 1020, "sea_level": null}, "temperature": {"temp": 284.59, "feels_like": 283.33}, "status": "Clear", "detailed_status": "clear sky", "weather_code": 800, "weather_icon_name": "01n", "visibility_distance": 10000, "dewpoint": 276.87, "humidex": null, "heat_index": null, "utc_offset": null, "uvi": 0, "precipitation_probability": null}