{"reference_time": 1635221342, "sunset_time": 1635239457, "sunrise_time": 1635199444, "clouds": 54, "rain": {}, "snow": {}, "wind": {"speed": 2.9, "deg": 81, "gust": 2.17}, "humidity": 57, "pressure": {"press": 1019, "sea_level": null}, "temperature": {"temp": 294.26, "feels_like": 293.91}, "status": "Clouds", "detailed_status": "broken clouds", "weather_code": 803, "weather_icon_name": "04d", "visibility_distance": 10000, "dewpoint": 285.42, "humidex": null, "heat_index": null, "utc_offset": null, "uvi": 4.51, "precipitation_probability": null}