{"reference_time": 1635340382, "sunset_time": 1635325799, "sunrise_time": 1635285890, "clouds": 3, "rain": {"1h": 0.12}, "snow": {}, "wind": {"speed": 3.26, "deg": 9, "gust": 5.49}, "humidity": 79, "pressure": {"press": 1021, "sea_level": null}, "temperature": {"temp": 290.48, "feels_like": 290.33}, "status": "Rain", "detailed_status": "light rain", "weather_code": 500, "weather_icon_name": "10n", "visibility_distance": 10000, "dewpoint": 286.81, "humidex": null, "heat_index": null, "utc_offset": null, "uvi": 0, "precipitation_probability": null}