{"reference_time": 1638215822, "sunset_time": 1638262272, "sunrise_time": 1638225218, "clouds": 100, "rain": {}, "snow": {}, "wind": {"speed": 7.47, "deg": 303, "gust": 12.65}, "humidity": 83, "pressure": {"press": 1020, "sea_level": null}, "temperature": {"temp": 285.36, "feels_like": 284.8}, "status": "Clouds", "detailed_status": "overcast clouds", "weather_code": 804, "weather_icon_name": "04n", "visibility_distance": 10000, "dewpoint": 282.56, "humidex": null, "heat_index": null, "utc_offset": null, "uvi": 0, "precipitation_probability": null}