{"reference_time": 1635526562, "sunset_time": 1635584834, "sunrise_time": 1635545232, "clouds": 61, "rain": {"1h": 0.12}, "snow": {}, "wind": {"speed": 2.08, "deg": 353, "gust": 3.16}, "humidity": 74, "pressure": {"press": 1019, "sea_level": null}, "temperature": {"temp": 290.51, "feels_like": 290.23}, "status": "Rain", "detailed_status": "light rain", "weather_code": 500, "weather_icon_name": "10n", "visibility_distance": 10000, "dewpoint": 285.83, "humidex": null, "heat_index": null, "utc_offset": null, "uvi": 0, "precipitation_probability": null}