{"reference_time": 1636620373, "sunset_time": 1636621090, "sunrise_time": 1636582634, "clouds": 66, "rain": {}, "snow": {}, "wind": {"speed": 5.42, "deg": 312, "gust": 9.45}, "humidity": 38, "pressure": {"press": 1017, "sea_level": null}, "temperature": {"temp": 288.8, "feels_like": 287.41}, "status": "Clouds", "detailed_status": "broken clouds", "weather_code": 803, "weather_icon_name": "04d", "visibility_distance": 10000, "dewpoint": 274.54, "humidex": null, "heat_index": null, "utc_offset": null, "uvi": 0, "precipitation_probability": null}