{"reference_time": 1635288302, "sunset_time": 1635325799, "sunrise_time": 1635285890, "clouds": 65, "rain": {"1h": 0.15}, "snow": {}, "wind": {"speed": 2.59, "deg": 1, "gust": 4.69}, "humidity": 85, "pressure": {"press": 1021, "sea_level": null}, "temperature": {"temp": 289.95, "feels_like": 289.9}, "status": "Rain", "detailed_status": "light rain", "weather_code": 500, "weather_icon_name": "10d", "visibility_distance": 10000, "dewpoint": 287.42, "humidex": null, "heat_index": null, "utc_offset": null, "uvi": 0.13, "precipitation_probability": null}