{"reference_time": 1636538522, "sunset_time": 1636534727, "sunrise_time": 1636496183, "clouds": 0, "rain": {}, "snow": {}, "wind": {"speed": 5.02, "deg": 306, "gust": 8.58}, "humidity": 38, "pressure": {"press": 1016, "sea_level": null}, "temperature": {"temp": 287.02, "feels_like": 285.45}, "status": "Clear", "detailed_status": "clear sky", "weather_code": 800, "weather_icon_name": "01n", "visibility_distance": 10000, "dewpoint": 272.98, "humidex": null, "heat_index": null, "utc_offset": null, "uvi": 0, "precipitation_probability": null}