{"reference_time": 1635280862, "sunset_time": 1635325799, "sunrise_time": 1635285890, "clouds": 60, "rain": {"1h": 0.1}, "snow": {}, "wind": {"speed": 2.21, "deg": 355, "gust": 3.06}, "humidity": 83, "pressure": {"press": 1019, "sea_level": null}, "temperature": {"temp": 289.44, "feels_like": 289.29}, "status": "Clouds", "detailed_status": "broken clouds", "weather_code": 803, "weather_icon_name": "04n", "visibility_distance": 10000, "dewpoint": 286.55, "humidex": null, "heat_index": null, "utc_offset": null, "uvi": 0, "precipitation_probability": null}