{"reference_time": 1636434362, "sunset_time": 1636448367, "sunrise_time": 1636409731, "clouds": 17, "rain": {}, "snow": {}, "wind": {"speed": 6.28, "deg": 294, "gust": 8.76}, "humidity": 37, "pressure": {"press": 1018, "sea_level": null}, "temperature": {"temp": 285.4, "feels_like": 283.65}, "status": "Clouds", "detailed_status": "few clouds", "weather_code": 801, "weather_icon_name": "02d", "visibility_distance": 10000, "dewpoint": 271.38, "humidex": null, "heat_index": null, "utc_offset": null, "uvi": 3.44, "precipitation_probability": null}