{"reference_time": 1636794722, "sunset_time": 1636793819, "sunrise_time": 1636755538, "clouds": 44, "rain": {}, "snow": {}, "wind": {"speed": 3.55, "deg": 207, "gust": 5.01}, "humidity": 52, "pressure": {"press": 1017, "sea_level": null}, "temperature": {"temp": 289.37, "feels_like": 288.41}, "status": "Clouds", "detailed_status": "scattered clouds", "weather_code": 802, "weather_icon_name": "03n", "visibility_distance": 10000, "dewpoint": 279.51, "humidex": null, "heat_index": null, "utc_offset": null, "uvi": 0, "precipitation_probability": null}