{"reference_time": 1635414782, "sunset_time": 1635412143, "sunrise_time": 1635372337, "clouds": 39, "rain": {"1h": 0.18}, "snow": {}, "wind": {"speed": 3.49, "deg": 32, "gust": 4.66}, "humidity": 61, "pressure": {"press": 1021, "sea_level": null}, "temperature": {"temp": 291.69, "feels_like": 291.19}, "status": "Rain", "detailed_status": "light rain", "weather_code": 500, "weather_icon_name": "10n", "visibility_distance": 10000, "dewpoint": 284.03, "humidex": null, "heat_index": null, "utc_offset": null, "uvi": 0, "precipitation_probability": null}