{"reference_time": 1636839373, "sunset_time": 1636880185, "sunrise_time": 1636841991, "clouds": 0, "rain": {}, "snow": {}, "wind": {"speed": 2.46, "deg": 244, "gust": 4.9}, "humidity": 86, "pressure": {"press": 1019, "sea_level": null}, "temperature": {"temp": 283.38, "feels_like": 282.7}, "status": "Clear", "detailed_status": "clear sky", "weather_code": 800, "weather_icon_name": "01n", "visibility_distance": 10000, "dewpoint": 281.15, "humidex": null, "heat_index": null, "utc_offset": null, "uvi": 0, "precipitation_probability": null}