{"reference_time": 1636057322, "sunset_time": 1636102938, "sunrise_time": 1636063928, "clouds": 100, "rain": {"1h": 1.54}, "snow": {}, "wind": {"speed": 5.9, "deg": 123, "gust": 10.8}, "humidity": 94, "pressure": {"press": 1013, "sea_level": null}, "temperature": {"temp": 290.4, "feels_like": 290.64}, "status": "Rain", "detailed_status": "moderate rain", "weather_code": 501, "weather_icon_name": "10n", "visibility_distance": 4865, "dewpoint": 289.43, "humidex": null, "heat_index": null, "utc_offset": null, "uvi": 0, "precipitation_probability": null}