{"reference_time": 1636278122, "sunset_time": 1636275649, "sunrise_time": 1636236829, "clouds": 100, "rain": {"1h": 3.99}, "snow": {}, "wind": {"speed": 8.87, "deg": 296, "gust": 14.72}, "humidity": 92, "pressure": {"press": 1014, "sea_level": null}, "temperature": {"temp": 285.55, "feels_like": 285.25}, "status": "Rain", "detailed_status": "moderate rain", "weather_code": 501, "weather_icon_name": "10n", "visibility_distance": 6288, "dewpoint": 284.29, "humidex": null, "heat_index": null, "utc_offset": null, "uvi": 0, "precipitation_probability": null}