{"reference_time": 1638171182, "sunset_time": 1638175879, "sunrise_time": 1638138768, "clouds": 96, "rain": {}, "snow": {}, "wind": {"speed": 2.49, "deg": 139, "gust": 4.32}, "humidity": 84, "pressure": {"press": 1021, "sea_level": null}, "temperature": {"temp": 291.16, "feels_like": 291.21}, "status": "Clouds", "detailed_status": "overcast clouds", "weather_code": 804, "weather_icon_name": "04d", "visibility_distance": 10000, "dewpoint": 288.42, "humidex": null, "heat_index": null, "utc_offset": null, "uvi": 0.17, "precipitation_probability": null}