{"reference_time": 1638044702, "sunset_time": 1638089488, "sunrise_time": 1638052318, "clouds": 100, "rain": {}, "snow": {}, "wind": {"speed": 3.41, "deg": 101, "gust": 7.05}, "humidity": 63, "pressure": {"press": 1030, "sea_level": null}, "temperature": {"temp": 287.16, "feels_like": 286.26}, "status": "Clouds", "detailed_status": "overcast clouds", "weather_code": 804, "weather_icon_name": "04n", "visibility_distance": 10000, "dewpoint": 280.24, "humidex": null, "heat_index": null, "utc_offset": null, "uvi": 0, "precipitation_probability": null}