{"reference_time": 1635496802, "sunset_time": 1635498488, "sunrise_time": 1635458785, "clouds": 16, "rain": {}, "snow": {}, "wind": {"speed": 2.9, "deg": 62, "gust": 2.9}, "humidity": 61, "pressure": {"press": 1019, "sea_level": null}, "temperature": {"temp": 293.91, "feels_like": 293.63}, "status": "Clouds", "detailed_status": "few clouds", "weather_code": 801, "weather_icon_name": "02d", "visibility_distance": 10000, "dewpoint": 286.12, "humidex": null, "heat_index": null, "utc_offset": null, "uvi": 0, "precipitation_probability": null}