{"reference_time": 1636426922, "sunset_time": 1636448367, "sunrise_time": 1636409731, "clouds": 0, "rain": {}, "snow": {}, "wind": {"speed": 1.79, "deg": 297, "gust": 4.02}, "humidity": 33, "pressure": {"press": 1020, "sea_level": null}, "temperature": {"temp": 283.47, "feels_like": 281.42}, "status": "Clear", "detailed_status": "clear sky", "weather_code": 800, "weather_icon_name": "01d", "visibility_distance": 10000, "dewpoint": 268.5, "humidex": null, "heat_index": null, "utc_offset": null, "uvi": 3.69, "precipitation_probability": null}