{"reference_time": 1638357182, "sunset_time": 1638348667, "sunrise_time": 1638311667, "clouds": 59, "rain": {}, "snow": {}, "wind": {"speed": 5.08, "deg": 343, "gust": 7.03}, "humidity": 53, "pressure": {"press": 1026, "sea_level": null}, "temperature": {"temp": 281.05, "feels_like": 278.08}, "status": "Clouds", "detailed_status": "broken clouds", "weather_code": 803, "weather_icon_name": "04n", "visibility_distance": 10000, "dewpoint": 272.2, "humidex": null, "heat_index": null, "utc_offset": null, "uvi": 0, "precipitation_probability": null}