{"reference_time": 1636471562, "sunset_time": 1636448367, "sunrise_time": 1636409731, "clouds": 90, "rain": {"1h": 0.1}, "snow": {}, "wind": {"speed": 5.79, "deg": 276, "gust": 11.36}, "humidity": 50, "pressure": {"press": 1017, "sea_level": null}, "temperature": {"temp": 284.17, "feels_like": 282.63}, "status": "Clouds", "detailed_status": "overcast clouds", "weather_code": 804, "weather_icon_name": "04n", "visibility_distance": 10000, "dewpoint": 274.16, "humidex": null, "heat_index": null, "utc_offset": null, "uvi": 0, "precipitation_probability": null}