{"reference_time": 1638133982, "sunset_time": 1638175879, "sunrise_time": 1638138768, "clouds": 96, "rain": {}, "snow": {}, "wind": {"speed": 2.47, "deg": 150, "gust": 5.43}, "humidity": 87, "pressure": {"press": 1024, "sea_level": null}, "temperature": {"temp": 289.16, "feels_like": 289.09}, "status": "Clouds", "detailed_status": "overcast clouds", "weather_code": 804, "weather_icon_name": "04n", "visibility_distance": 10000, "dewpoint": 287, "humidex": null, "heat_index": null, "utc_offset": null, "uvi": 0, "precipitation_probability": null}