{"reference_time": 1635519122, "sunset_time": 1635498488, "sunrise_time": 1635458785, "clouds": 44, "rain": {"1h": 0.13}, "snow": {}, "wind": {"speed": 1.8, "deg": 18, "gust": 2.8}, "humidity": 73, "pressure": {"press": 1020, "sea_level": null}, "temperature": {"temp": 291.05, "feels_like": 290.8}, "status": "Rain", "detailed_status": "light rain", "weather_code": 500, "weather_icon_name": "10n", "visibility_distance": 10000, "dewpoint": 286.15, "humidex": null, "heat_index": null, "utc_offset": null, "uvi": 0, "precipitation_probability": null}