{"reference_time": 1636590602, "sunset_time": 1636621090, "sunrise_time": 1636582634, "clouds": 0, "rain": {}, "snow": {}, "wind": {"speed": 5, "deg": 297, "gust": 8.76}, "humidity": 57, "pressure": {"press": 1018, "sea_level": null}, "temperature": {"temp": 284.81, "feels_like": 283.52}, "status": "Clear", "detailed_status": "clear sky", "weather_code": 800, "weather_icon_name": "01d", "visibility_distance": 10000, "dewpoint": 276.59, "humidex": null, "heat_index": null, "utc_offset": null, "uvi": 1.38, "precipitation_probability": null}