{"reference_time": 1638223262, "sunset_time": 1638262272, "sunrise_time": 1638225218, "clouds": 100, "rain": {"1h": 0.22}, "snow": {}, "wind": {"speed": 0.45, "deg": 316, "gust": 4.47}, "humidity": 78, "pressure": {"press": 1018, "sea_level": null}, "temperature": {"temp": 285.47, "feels_like": 284.79}, "status": "Rain", "detailed_status": "light rain", "weather_code": 500, "weather_icon_name": "10n", "visibility_distance": 10000, "dewpoint": 281.75, "humidex": null, "heat_index": null, "utc_offset": null, "uvi": 0, "precipitation_probability": null}