{"reference_time": 1636831933, "sunset_time": 1636880185, "sunrise_time": 1636841991, "clouds": 0, "rain": {}, "snow": {}, "wind": {"speed": 2.43, "deg": 228, "gust": 4.62}, "humidity": 84, "pressure": {"press": 1019, "sea_level": null}, "temperature": {"temp": 283.89, "feels_like": 283.21}, "status": "Clear", "detailed_status": "clear sky", "weather_code": 800, "weather_icon_name": "01n", "visibility_distance": 10000, "dewpoint": 281.3, "humidex": null, "heat_index": null, "utc_offset": null, "uvi": 0, "precipitation_probability": null}