{"reference_time": 1637680153, "sunset_time": 1637657557, "sunrise_time": 1637620062, "clouds": 4, "rain": {}, "snow": {}, "wind": {"speed": 1.91, "deg": 264, "gust": 3.3}, "humidity": 39, "pressure": {"press": 1027, "sea_level": null}, "temperature": {"temp": 279.97, "feels_like": 278.73}, "status": "Clear", "detailed_status": "clear sky", "weather_code": 800, "weather_icon_name": "01n", "visibility_distance": 10000, "dewpoint": 267.68, "humidex": null, "heat_index": null, "utc_offset": null, "uvi": 0, "precipitation_probability": null}