{"reference_time": 1636064762, "sunset_time": 1636102938, "sunrise_time": 1636063928, "clouds": 100, "rain": {"1h": 0.15}, "snow": {}, "wind": {"speed": 6.16, "deg": 120, "gust": 11.05}, "humidity": 95, "pressure": {"press": 1013, "sea_level": null}, "temperature": {"temp": 290.47, "feels_like": 290.74}, "status": "Rain", "detailed_status": "light rain", "weather_code": 500, "weather_icon_name": "10d", "visibility_distance": 8453, "dewpoint": 289.66, "humidex": null, "heat_index": null, "utc_offset": null, "uvi": 0, "precipitation_probability": null}