{"reference_time": 1636412053, "sunset_time": 1636448367, "sunrise_time": 1636409731, "clouds": 52, "rain": {"1h": 0.18}, "snow": {}, "wind": {"speed": 4.59, "deg": 297, "gust": 9.54}, "humidity": 62, "pressure": {"press": 1021, "sea_level": null}, "temperature": {"temp": 278.27, "feels_like": 274.84}, "status": "Rain", "detailed_status": "light rain", "weather_code": 500, "weather_icon_name": "10d", "visibility_distance": 10000, "dewpoint": 271.78, "humidex": null, "heat_index": null, "utc_offset": null, "uvi": 0, "precipitation_probability": null}