{"reference_time": 1637970302, "sunset_time": 1638003099, "sunrise_time": 1637965868, "clouds": 0, "rain": {}, "snow": {}, "wind": {"speed": 3.89, "deg": 63, "gust": 6.16}, "humidity": 59, "pressure": {"press": 1032, "sea_level": null}, "temperature": {"temp": 287.16, "feels_like": 286.16}, "status": "Clear", "detailed_status": "clear sky", "weather_code": 800, "weather_icon_name": "01d", "visibility_distance": 10000, "dewpoint": 279.28, "humidex": null, "heat_index": null, "utc_offset": null, "uvi": 0.42, "precipitation_probability": null}