{"reference_time": 1638067022, "sunset_time": 1638089488, "sunrise_time": 1638052318, "clouds": 80, "rain": {}, "snow": {}, "wind": {"speed": 5.47, "deg": 95, "gust": 7.93}, "humidity": 57, "pressure": {"press": 1029, "sea_level": null}, "temperature": {"temp": 291.16, "feels_like": 290.5}, "status": "Clouds", "detailed_status": "broken clouds", "weather_code": 803, "weather_icon_name": "04d", "visibility_distance": 10000, "dewpoint": 282.52, "humidex": null, "heat_index": null, "utc_offset": null, "uvi": 2.38, "precipitation_probability": null}