{"reference_time": 1638342303, "sunset_time": 1638348667, "sunrise_time": 1638311667, "clouds": 97, "rain": {}, "snow": {}, "wind": {"speed": 5.55, "deg": 346, "gust": 7.33}, "humidity": 49, "pressure": {"press": 1026, "sea_level": null}, "temperature": {"temp": 282.12, "feels_like": 279.24}, "status": "Clouds", "detailed_status": "overcast clouds", "weather_code": 804, "weather_icon_name": "04d", "visibility_distance": 10000, "dewpoint": 272.13, "humidex": null, "heat_index": null, "utc_offset": null, "uvi": 0.82, "precipitation_probability": null}