{"reference_time": 1636943522, "sunset_time": 1636966554, "sunrise_time": 1636928443, "clouds": 25, "rain": {}, "snow": {}, "wind": {"speed": 3.07, "deg": 151, "gust": 3.42}, "humidity": 46, "pressure": {"press": 1020, "sea_level": null}, "temperature": {"temp": 292.3, "feels_like": 291.47}, "status": "Clouds", "detailed_status": "scattered clouds", "weather_code": 802, "weather_icon_name": "03d", "visibility_distance": 10000, "dewpoint": 280.42, "humidex": null, "heat_index": null, "utc_offset": null, "uvi": 3.4, "precipitation_probability": null}