{"reference_time": 1636531093, "sunset_time": 1636534727, "sunrise_time": 1636496183, "clouds": 0, "rain": {}, "snow": {}, "wind": {"speed": 6.39, "deg": 301, "gust": 9.64}, "humidity": 36, "pressure": {"press": 1014, "sea_level": null}, "temperature": {"temp": 288.33, "feels_like": 286.84}, "status": "Clear", "detailed_status": "clear sky", "weather_code": 800, "weather_icon_name": "01d", "visibility_distance": 10000, "dewpoint": 273.37, "humidex": null, "heat_index": null, "utc_offset": null, "uvi": 0.39, "precipitation_probability": null}