{"reference_time": 1636049882, "sunset_time": 1636102938, "sunrise_time": 1636063928, "clouds": 97, "rain": {"1h": 0.65}, "snow": {}, "wind": {"speed": 5.44, "deg": 126, "gust": 9.92}, "humidity": 88, "pressure": {"press": 1014, "sea_level": null}, "temperature": {"temp": 290.95, "feels_like": 291.08}, "status": "Rain", "detailed_status": "light rain", "weather_code": 500, "weather_icon_name": "10n", "visibility_distance": 10000, "dewpoint": 288.94, "humidex": null, "heat_index": null, "utc_offset": null, "uvi": 0, "precipitation_probability": null}