{"reference_time": 1637590862, "sunset_time": 1637571176, "sunrise_time": 1637533610, "clouds": 64, "rain": {}, "snow": {}, "wind": {"speed": 5.15, "deg": 330, "gust": 6.81}, "humidity": 40, "pressure": {"press": 1025, "sea_level": null}, "temperature": {"temp": 279.31, "feels_like": 275.87}, "status": "Clouds", "detailed_status": "broken clouds", "weather_code": 803, "weather_icon_name": "04n", "visibility_distance": 10000, "dewpoint": 267.45, "humidex": null, "heat_index": null, "utc_offset": null, "uvi": 0, "precipitation_probability": null}