{"reference_time": 1636861693, "sunset_time": 1636880185, "sunrise_time": 1636841991, "clouds": 0, "rain": {}, "snow": {}, "wind": {"speed": 2.95, "deg": 276, "gust": 4.28}, "humidity": 37, "pressure": {"press": 1019, "sea_level": null}, "temperature": {"temp": 292.5, "feels_like": 291.46}, "status": "Clear", "detailed_status": "clear sky", "weather_code": 800, "weather_icon_name": "01d", "visibility_distance": 10000, "dewpoint": 277.46, "humidex": null, "heat_index": null, "utc_offset": null, "uvi": 3.68, "precipitation_probability": null}