{"reference_time": 1636757522, "sunset_time": 1636793819, "sunrise_time": 1636755538, "clouds": 96, "rain": {}, "snow": {}, "wind": {"speed": 1.92, "deg": 199, "gust": 3.36}, "humidity": 61, "pressure": {"press": 1020, "sea_level": null}, "temperature": {"temp": 284.02, "feels_like": 282.76}, "status": "Clouds", "detailed_status": "overcast clouds", "weather_code": 804, "weather_icon_name": "04d", "visibility_distance": 10000, "dewpoint": 276.8, "humidex": null, "heat_index": null, "utc_offset": null, "uvi": 0, "precipitation_probability": null}