{"reference_time": 1637761984, "sunset_time": 1637743940, "sunrise_time": 1637706514, "clouds": 71, "rain": {}, "snow": {}, "wind": {"speed": 2.77, "deg": 204, "gust": 5.76}, "humidity": 54, "pressure": {"press": 1019, "sea_level": null}, "temperature": {"temp": 282.35, "feels_like": 280.84}, "status": "Clouds", "detailed_status": "broken clouds", "weather_code": 803, "weather_icon_name": "04n", "visibility_distance": 10000, "dewpoint": 273.53, "humidex": null, "heat_index": null, "utc_offset": null, "uvi": 0, "precipitation_probability": null}