{"reference_time": 1638230702, "sunset_time": 1638262272, "sunrise_time": 1638225218, "clouds": 100, "rain": {}, "snow": {}, "wind": {"speed": 0.45, "deg": 305, "gust": 4.47}, "humidity": 81, "pressure": {"press": 1019, "sea_level": null}, "temperature": {"temp": 283.76, "feels_like": 282.99}, "status": "Clouds", "detailed_status": "overcast clouds", "weather_code": 804, "weather_icon_name": "04d", "visibility_distance": 10000, "dewpoint": 280.64, "humidex": null, "heat_index": null, "utc_offset": null, "uvi": 0.07, "precipitation_probability": null}