{"reference_time": 1637598302, "sunset_time": 1637657557, "sunrise_time": 1637620062, "clouds": 51, "rain": {}, "snow": {}, "wind": {"speed": 5.11, "deg": 324, "gust": 6.81}, "humidity": 46, "pressure": {"press": 1025, "sea_level": null}, "temperature": {"temp": 278.77, "feels_like": 275.21}, "status": "Clouds", "detailed_status": "broken clouds", "weather_code": 803, "weather_icon_name": "04n", "visibility_distance": 10000, "dewpoint": 268.65, "humidex": null, "heat_index": null, "utc_offset": null, "uvi": 0, "precipitation_probability": null}