{"reference_time": 1638200942, "sunset_time": 1638175879, "sunrise_time": 1638138768, "clouds": 93, "rain": {}, "snow": {}, "wind": {"speed": 2.44, "deg": 223, "gust": 5.7}, "humidity": 93, "pressure": {"press": 1021, "sea_level": null}, "temperature": {"temp": 288.45, "feels_like": 288.46}, "status": "Clouds", "detailed_status": "overcast clouds", "weather_code": 804, "weather_icon_name": "04n", "visibility_distance": 10000, "dewpoint": 287.33, "humidex": null, "heat_index": null, "utc_offset": null, "uvi": 0, "precipitation_probability": null}