{"reference_time": 1635429662, "sunset_time": 1635412143, "sunrise_time": 1635372337, "clouds": 9, "rain": {"1h": 0.13}, "snow": {}, "wind": {"speed": 2.8, "deg": 19, "gust": 4.9}, "humidity": 70, "pressure": {"press": 1022, "sea_level": null}, "temperature": {"temp": 289.85, "feels_like": 289.4}, "status": "Rain", "detailed_status": "light rain", "weather_code": 500, "weather_icon_name": "10n", "visibility_distance": 10000, "dewpoint": 284.36, "humidex": null, "heat_index": null, "utc_offset": null, "uvi": 0, "precipitation_probability": null}