{"reference_time": 1636337642, "sunset_time": 1636362007, "sunrise_time": 1636323280, "clouds": 6, "rain": {}, "snow": {}, "wind": {"speed": 9.05, "deg": 312, "gust": 12.53}, "humidity": 51, "pressure": {"press": 1024, "sea_level": null}, "temperature": {"temp": 279.71, "feels_like": 275.05}, "status": "Clear", "detailed_status": "clear sky", "weather_code": 800, "weather_icon_name": "01d", "visibility_distance": 10000, "dewpoint": 270.63, "humidex": null, "heat_index": null, "utc_offset": null, "uvi": 2.86, "precipitation_probability": null}