{"reference_time": 1637784313, "sunset_time": 1637830325, "sunrise_time": 1637792965, "clouds": 0, "rain": {}, "snow": {}, "wind": {"speed": 2.64, "deg": 237, "gust": 5.68}, "humidity": 67, "pressure": {"press": 1018, "sea_level": null}, "temperature": {"temp": 281.6, "feels_like": 280.04}, "status": "Clear", "detailed_status": "clear sky", "weather_code": 800, "weather_icon_name": "01n", "visibility_distance": 10000, "dewpoint": 275.83, "humidex": null, "heat_index": null, "utc_offset": null, "uvi": 0, "precipitation_probability": null}