{"reference_time": 1638312542, "sunset_time": 1638348667, "sunrise_time": 1638311667, "clouds": 3, "rain": {}, "snow": {}, "wind": {"speed": 5.61, "deg": 316, "gust": 8.23}, "humidity": 62, "pressure": {"press": 1027, "sea_level": null}, "temperature": {"temp": 277.69, "feels_like": 273.63}, "status": "Clear", "detailed_status": "clear sky", "weather_code": 800, "weather_icon_name": "01d", "visibility_distance": 10000, "dewpoint": 271.29, "humidex": null, "heat_index": null, "utc_offset": null, "uvi": 0, "precipitation_probability": null}