{"reference_time": 1635228782, "sunset_time": 1635239457, "sunrise_time": 1635199444, "clouds": 64, "rain": {}, "snow": {}, "wind": {"speed": 2.98, "deg": 96, "gust": 2.31}, "humidity": 52, "pressure": {"press": 1017, "sea_level": null}, "temperature": {"temp": 295.09, "feels_like": 294.7}, "status": "Clouds", "detailed_status": "broken clouds", "weather_code": 803, "weather_icon_name": "04d", "visibility_distance": 10000, "dewpoint": 284.8, "humidex": null, "heat_index": null, "utc_offset": null, "uvi": 2.82, "precipitation_probability": null}