{"reference_time": 1636869133, "sunset_time": 1636880185, "sunrise_time": 1636841991, "clouds": 0, "rain": {}, "snow": {}, "wind": {"speed": 2.73, "deg": 290, "gust": 4.13}, "humidity": 32, "pressure": {"press": 1018, "sea_level": null}, "temperature": {"temp": 293.19, "feels_like": 292.09}, "status": "Clear", "detailed_status": "clear sky", "weather_code": 800, "weather_icon_name": "01d", "visibility_distance": 10000, "dewpoint": 276.01, "humidex": null, "heat_index": null, "utc_offset": null, "uvi": 2.23, "precipitation_probability": null}