{"reference_time": 1636973295, "sunset_time": 1636966554, "sunrise_time": 1636928443, "clouds": 38, "rain": {"1h": 0.11}, "snow": {}, "wind": {"speed": 3.37, "deg": 144, "gust": 5.23}, "humidity": 44, "pressure": {"press": 1019, "sea_level": null}, "temperature": {"temp": 288.34, "feels_like": 287.06}, "status": "Rain", "detailed_status": "light rain", "weather_code": 500, "weather_icon_name": "10n", "visibility_distance": 10000, "dewpoint": 276.18, "humidex": null, "heat_index": null, "utc_offset": null, "uvi": 0, "precipitation_probability": null}