{"reference_time": 1637947982, "sunset_time": 1638003099, "sunrise_time": 1637965868, "clouds": 1, "rain": {}, "snow": {}, "wind": {"speed": 3.01, "deg": 54, "gust": 5.72}, "humidity": 62, "pressure": {"press": 1030, "sea_level": null}, "temperature": {"temp": 286.16, "feels_like": 285.14}, "status": "Clear", "detailed_status": "clear sky", "weather_code": 800, "weather_icon_name": "01n", "visibility_distance": 10000, "dewpoint": 279.06, "humidex": null, "heat_index": null, "utc_offset": null, "uvi": 0, "precipitation_probability": null}