{"reference_time": 1638022382, "sunset_time": 1638003099, "sunrise_time": 1637965868, "clouds": 1, "rain": {}, "snow": {}, "wind": {"speed": 4.09, "deg": 96, "gust": 7.23}, "humidity": 64, "pressure": {"press": 1032, "sea_level": null}, "temperature": {"temp": 287.16, "feels_like": 286.29}, "status": "Clear", "detailed_status": "clear sky", "weather_code": 800, "weather_icon_name": "01n", "visibility_distance": 10000, "dewpoint": 280.47, "humidex": null, "heat_index": null, "utc_offset": null, "uvi": 0, "precipitation_probability": null}