{"reference_time": 1636449258, "sunset_time": 1636448367, "sunrise_time": 1636409731, "clouds": 66, "rain": {}, "snow": {}, "wind": {"speed": 5.2, "deg": 280, "gust": 8.78}, "humidity": 41, "pressure": {"press": 1017, "sea_level": null}, "temperature": {"temp": 284.91, "feels_like": 283.21}, "status": "Clouds", "detailed_status": "broken clouds", "weather_code": 803, "weather_icon_name": "04n", "visibility_distance": 10000, "dewpoint": 272.22, "humidex": null, "heat_index": null, "utc_offset": null, "uvi": 0, "precipitation_probability": null}