{"reference_time": 1636906322, "sunset_time": 1636966554, "sunrise_time": 1636928443, "clouds": 0, "rain": {"1h": 0.16}, "snow": {}, "wind": {"speed": 1.75, "deg": 206, "gust": 1.91}, "humidity": 34, "pressure": {"press": 1022, "sea_level": null}, "temperature": {"temp": 287.65, "feels_like": 286.04}, "status": "Rain", "detailed_status": "light rain", "weather_code": 500, "weather_icon_name": "10n", "visibility_distance": 10000, "dewpoint": 272.13, "humidex": null, "heat_index": null, "utc_offset": null, "uvi": 0, "precipitation_probability": null}