{"reference_time": 1638089342, "sunset_time": 1638089488, "sunrise_time": 1638052318, "clouds": 68, "rain": {}, "snow": {}, "wind": {"speed": 4.35, "deg": 114, "gust": 7.75}, "humidity": 66, "pressure": {"press": 1027, "sea_level": null}, "temperature": {"temp": 290.16, "feels_like": 289.64}, "status": "Clouds", "detailed_status": "broken clouds", "weather_code": 803, "weather_icon_name": "04d", "visibility_distance": 10000, "dewpoint": 283.77, "humidex": null, "heat_index": null, "utc_offset": null, "uvi": 0, "precipitation_probability": null}