{"reference_time": 1637873582, "sunset_time": 1637916711, "sunrise_time": 1637879417, "clouds": 5, "rain": {}, "snow": {}, "wind": {"speed": 1.36, "deg": 295, "gust": 1.4}, "humidity": 41, "pressure": {"press": 1024, "sea_level": null}, "temperature": {"temp": 284.18, "feels_like": 282.41}, "status": "Clear", "detailed_status": "clear sky", "weather_code": 800, "weather_icon_name": "01n", "visibility_distance": 10000, "dewpoint": 271.64, "humidex": null, "heat_index": null, "utc_offset": null, "uvi": 0, "precipitation_probability": null}