{"reference_time": 1637635502, "sunset_time": 1637657557, "sunrise_time": 1637620062, "clouds": 100, "rain": {}, "snow": {}, "wind": {"speed": 4.72, "deg": 318, "gust": 5.84}, "humidity": 37, "pressure": {"press": 1025, "sea_level": null}, "temperature": {"temp": 279.91, "feels_like": 276.81}, "status": "Clouds", "detailed_status": "overcast clouds", "weather_code": 804, "weather_icon_name": "04d", "visibility_distance": 10000, "dewpoint": 267.02, "humidex": null, "heat_index": null, "utc_offset": null, "uvi": 3.16, "precipitation_probability": null}