{"reference_time": 1636419493, "sunset_time": 1636448367, "sunrise_time": 1636409731, "clouds": 0, "rain": {}, "snow": {}, "wind": {"speed": 0.45, "deg": 358, "gust": 2.68}, "humidity": 45, "pressure": {"press": 1021, "sea_level": null}, "temperature": {"temp": 280.71, "feels_like": 280.71}, "status": "Clear", "detailed_status": "clear sky", "weather_code": 800, "weather_icon_name": "01d", "visibility_distance": 10000, "dewpoint": 269.96, "humidex": null, "heat_index": null, "utc_offset": null, "uvi": 1.47, "precipitation_probability": null}