{"reference_time": 1635213902, "sunset_time": 1635239457, "sunrise_time": 1635199444, "clouds": 9, "rain": {}, "snow": {}, "wind": {"speed": 2.19, "deg": 88, "gust": 1.78}, "humidity": 61, "pressure": {"press": 1020, "sea_level": null}, "temperature": {"temp": 293.19, "feels_like": 292.84}, "status": "Clear", "detailed_status": "clear sky", "weather_code": 800, "weather_icon_name": "01d", "visibility_distance": 10000, "dewpoint": 285.45, "humidex": null, "heat_index": null, "utc_offset": null, "uvi": 3.3, "precipitation_probability": null}