{"reference_time": 1637754542, "sunset_time": 1637743940, "sunrise_time": 1637706514, "clouds": 24, "rain": {}, "snow": {}, "wind": {"speed": 2.51, "deg": 207, "gust": 4.91}, "humidity": 50, "pressure": {"press": 1018, "sea_level": null}, "temperature": {"temp": 283.34, "feels_like": 281.72}, "status": "Clouds", "detailed_status": "few clouds", "weather_code": 801, "weather_icon_name": "02n", "visibility_distance": 10000, "dewpoint": 273.39, "humidex": null, "heat_index": null, "utc_offset": null, "uvi": 0, "precipitation_probability": null}