{"reference_time": 1637814073, "sunset_time": 1637830325, "sunrise_time": 1637792965, "clouds": 0, "rain": {}, "snow": {}, "wind": {"speed": 2.61, "deg": 289, "gust": 3.95}, "humidity": 43, "pressure": {"press": 1019, "sea_level": null}, "temperature": {"temp": 290.4, "feels_like": 289.3}, "status": "Clear", "detailed_status": "clear sky", "weather_code": 800, "weather_icon_name": "01d", "visibility_distance": 10000, "dewpoint": 277.72, "humidex": null, "heat_index": null, "utc_offset": null, "uvi": 3.55, "precipitation_probability": null}