{"reference_time": 1636285562, "sunset_time": 1636275649, "sunrise_time": 1636236829, "clouds": 100, "rain": {"1h": 0.29}, "snow": {}, "wind": {"speed": 0.89, "deg": 293, "gust": 7.15}, "humidity": 90, "pressure": {"press": 1017, "sea_level": null}, "temperature": {"temp": 281.68, "feels_like": 281.68}, "status": "Rain", "detailed_status": "light rain", "weather_code": 500, "weather_icon_name": "10n", "visibility_distance": 6760, "dewpoint": 280.14, "humidex": null, "heat_index": null, "utc_offset": null, "uvi": 0, "precipitation_probability": null}