{"reference_time": 1635370142, "sunset_time": 1635412143, "sunrise_time": 1635372337, "clouds": 13, "rain": {"1h": 0.15}, "snow": {}, "wind": {"speed": 2.74, "deg": 21, "gust": 5.05}, "humidity": 73, "pressure": {"press": 1021, "sea_level": null}, "temperature": {"temp": 288.27, "feels_like": 287.74}, "status": "Rain", "detailed_status": "light rain", "weather_code": 500, "weather_icon_name": "10n", "visibility_distance": 10000, "dewpoint": 283.47, "humidex": null, "heat_index": null, "utc_offset": null, "uvi": 0, "precipitation_probability": null}