{"reference_time": 1635318062, "sunset_time": 1635325799, "sunrise_time": 1635285890, "clouds": 6, "rain": {}, "snow": {}, "wind": {"speed": 4.17, "deg": 36, "gust": 4.22}, "humidity": 56, "pressure": {"press": 1019, "sea_level": null}, "temperature": {"temp": 294.26, "feels_like": 293.89}, "status": "Clear", "detailed_status": "clear sky", "weather_code": 800, "weather_icon_name": "01d", "visibility_distance": 10000, "dewpoint": 285.15, "humidex": null, "heat_index": null, "utc_offset": null, "uvi": 1.7, "precipitation_probability": null}