{"reference_time": 1636523653, "sunset_time": 1636534727, "sunrise_time": 1636496183, "clouds": 0, "rain": {}, "snow": {}, "wind": {"speed": 1.34, "deg": 306, "gust": 5.81}, "humidity": 34, "pressure": {"press": 1014, "sea_level": null}, "temperature": {"temp": 288.43, "feels_like": 286.9}, "status": "Clear", "detailed_status": "clear sky", "weather_code": 800, "weather_icon_name": "01d", "visibility_distance": 10000, "dewpoint": 272.73, "humidex": null, "heat_index": null, "utc_offset": null, "uvi": 2.34, "precipitation_probability": null}