{"reference_time": 1638059582, "sunset_time": 1638089488, "sunrise_time": 1638052318, "clouds": 100, "rain": {}, "snow": {}, "wind": {"speed": 3.4, "deg": 104, "gust": 6.95}, "humidity": 59, "pressure": {"press": 1031, "sea_level": null}, "temperature": {"temp": 289.16, "feels_like": 288.36}, "status": "Clouds", "detailed_status": "overcast clouds", "weather_code": 804, "weather_icon_name": "04d", "visibility_distance": 10000, "dewpoint": 281.16, "humidex": null, "heat_index": null, "utc_offset": null, "uvi": 0.91, "precipitation_probability": null}