{"reference_time": 1638305102, "sunset_time": 1638348667, "sunrise_time": 1638311667, "clouds": 3, "rain": {}, "snow": {}, "wind": {"speed": 6.06, "deg": 319, "gust": 8.97}, "humidity": 57, "pressure": {"press": 1026, "sea_level": null}, "temperature": {"temp": 278.26, "feels_like": 274.16}, "status": "Clear", "detailed_status": "clear sky", "weather_code": 800, "weather_icon_name": "01n", "visibility_distance": 10000, "dewpoint": 270.76, "humidex": null, "heat_index": null, "utc_offset": null, "uvi": 0, "precipitation_probability": null}