{"reference_time": 1635385022, "sunset_time": 1635412143, "sunrise_time": 1635372337, "clouds": 20, "rain": {}, "snow": {}, "wind": {"speed": 3.63, "deg": 39, "gust": 3.98}, "humidity": 62, "pressure": {"press": 1022, "sea_level": null}, "temperature": {"temp": 292.08, "feels_like": 291.65}, "status": "Clouds", "detailed_status": "few clouds", "weather_code": 801, "weather_icon_name": "02d", "visibility_distance": 10000, "dewpoint": 284.65, "humidex": null, "heat_index": null, "utc_offset": null, "uvi": 3.51, "precipitation_probability": null}