{"reference_time": 1635243662, "sunset_time": 1635239457, "sunrise_time": 1635199444, "clouds": 99, "rain": {"1h": 0.21}, "snow": {}, "wind": {"speed": 2.54, "deg": 103, "gust": 2.97}, "humidity": 66, "pressure": {"press": 1018, "sea_level": null}, "temperature": {"temp": 291.69, "feels_like": 291.32}, "status": "Rain", "detailed_status": "light rain", "weather_code": 500, "weather_icon_name": "10n", "visibility_distance": 10000, "dewpoint": 285.22, "humidex": null, "heat_index": null, "utc_offset": null, "uvi": 0, "precipitation_probability": null}