{"reference_time": 1638193502, "sunset_time": 1638175879, "sunrise_time": 1638138768, "clouds": 94, "rain": {}, "snow": {}, "wind": {"speed": 1.88, "deg": 197, "gust": 4.56}, "humidity": 93, "pressure": {"press": 1022, "sea_level": null}, "temperature": {"temp": 288.52, "feels_like": 288.54}, "status": "Clouds", "detailed_status": "overcast clouds", "weather_code": 804, "weather_icon_name": "04n", "visibility_distance": 10000, "dewpoint": 287.39, "humidex": null, "heat_index": null, "utc_offset": null, "uvi": 0, "precipitation_probability": null}