{"reference_time": 1638111662, "sunset_time": 1638089488, "sunrise_time": 1638052318, "clouds": 40, "rain": {}, "snow": {}, "wind": {"speed": 2.71, "deg": 128, "gust": 6.34}, "humidity": 79, "pressure": {"press": 1027, "sea_level": null}, "temperature": {"temp": 289.16, "feels_like": 288.88}, "status": "Clouds", "detailed_status": "scattered clouds", "weather_code": 802, "weather_icon_name": "03n", "visibility_distance": 10000, "dewpoint": 285.52, "humidex": null, "heat_index": null, "utc_offset": null, "uvi": 0, "precipitation_probability": null}