{"reference_time": 1635236222, "sunset_time": 1635239457, "sunrise_time": 1635199444, "clouds": 98, "rain": {}, "snow": {}, "wind": {"speed": 3.03, "deg": 98, "gust": 2.72}, "humidity": 62, "pressure": {"press": 1017, "sea_level": null}, "temperature": {"temp": 293.7, "feels_like": 293.43}, "status": "Clouds", "detailed_status": "overcast clouds", "weather_code": 804, "weather_icon_name": "04d", "visibility_distance": 10000, "dewpoint": 286.17, "humidex": null, "heat_index": null, "utc_offset": null, "uvi": 0.53, "precipitation_probability": null}