{"reference_time": 1638163742, "sunset_time": 1638175879, "sunrise_time": 1638138768, "clouds": 100, "rain": {}, "snow": {}, "wind": {"speed": 2.21, "deg": 142, "gust": 4.09}, "humidity": 89, "pressure": {"press": 1023, "sea_level": null}, "temperature": {"temp": 293.16, "feels_like": 293.54}, "status": "Clouds", "detailed_status": "overcast clouds", "weather_code": 804, "weather_icon_name": "04d", "visibility_distance": 10000, "dewpoint": 291.29, "humidex": null, "heat_index": null, "utc_offset": null, "uvi": 1.65, "precipitation_probability": null}