{"reference_time": 1637985182, "sunset_time": 1638003099, "sunrise_time": 1637965868, "clouds": 1, "rain": {}, "snow": {}, "wind": {"speed": 4.61, "deg": 73, "gust": 5.38}, "humidity": 50, "pressure": {"press": 1032, "sea_level": null}, "temperature": {"temp": 290.16, "feels_like": 289.22}, "status": "Clear", "detailed_status": "clear sky", "weather_code": 800, "weather_icon_name": "01d", "visibility_distance": 10000, "dewpoint": 279.67, "humidex": null, "heat_index": null, "utc_offset": null, "uvi": 3.56, "precipitation_probability": null}