{"reference_time": 1636928653, "sunset_time": 1636966554, "sunrise_time": 1636928443, "clouds": 24, "rain": {"1h": 0.1}, "snow": {}, "wind": {"speed": 0.69, "deg": 232, "gust": 0.78}, "humidity": 52, "pressure": {"press": 1022, "sea_level": null}, "temperature": {"temp": 286.36, "feels_like": 285.09}, "status": "Clouds", "detailed_status": "few clouds", "weather_code": 801, "weather_icon_name": "02d", "visibility_distance": 10000, "dewpoint": 276.73, "humidex": null, "heat_index": null, "utc_offset": null, "uvi": 0, "precipitation_probability": null}