{"reference_time": 1636374842, "sunset_time": 1636362007, "sunrise_time": 1636323280, "clouds": 2, "rain": {"1h": 0.18}, "snow": {}, "wind": {"speed": 5.1, "deg": 307, "gust": 8.38}, "humidity": 51, "pressure": {"press": 1023, "sea_level": null}, "temperature": {"temp": 280.44, "feels_like": 277.31}, "status": "Rain", "detailed_status": "light rain", "weather_code": 500, "weather_icon_name": "10n", "visibility_distance": 10000, "dewpoint": 271.23, "humidex": null, "heat_index": null, "utc_offset": null, "uvi": 0, "precipitation_probability": null}