{"reference_time": 1637806633, "sunset_time": 1637830325, "sunrise_time": 1637792965, "clouds": 0, "rain": {}, "snow": {}, "wind": {"speed": 2.77, "deg": 280, "gust": 4.51}, "humidity": 48, "pressure": {"press": 1020, "sea_level": null}, "temperature": {"temp": 287.58, "feels_like": 286.33}, "status": "Clear", "detailed_status": "clear sky", "weather_code": 800, "weather_icon_name": "01d", "visibility_distance": 10000, "dewpoint": 276.72, "humidex": null, "heat_index": null, "utc_offset": null, "uvi": 2.33, "precipitation_probability": null}