{"reference_time": 1636293002, "sunset_time": 1636275649, "sunrise_time": 1636236829, "clouds": 100, "rain": {"1h": 3.65}, "snow": {}, "wind": {"speed": 9.44, "deg": 289, "gust": 15.74}, "humidity": 91, "pressure": {"press": 1017, "sea_level": null}, "temperature": {"temp": 280.4, "feels_like": 275.86}, "status": "Rain", "detailed_status": "moderate rain", "weather_code": 501, "weather_icon_name": "10n", "visibility_distance": 8126, "dewpoint": 279.03, "humidex": null, "heat_index": null, "utc_offset": null, "uvi": 0, "precipitation_probability": null}