{"reference_time": 1668827822, "sunset_time": 1668848049, "sunrise_time": 1668810239, "clouds": 100, "rain": {}, "snow": {}, "wind": {"speed": 3.03, "deg": 70, "gust": 5.3}, "humidity": 68, "pressure": {"press": 1019, "sea_level": null}, "temperature": {"temp": 293.16, "feels_like": 292.99}, "status": "Clouds", "detailed_status": "overcast clouds", "weather_code": 804, "weather_icon_name": "04d", "visibility_distance": 10000, "dewpoint": 287.08, "humidex": null, "heat_index": null, "utc_offset": null, "uvi": 0.28, "precipitation_probability": null}