{"reference_time": 1668834662, "sunset_time": 1668848049, "sunrise_time": 1668810239, "clouds": 100, "rain": {}, "snow": {}, "wind": {"speed": 1.74, "deg": 62, "gust": 2.77}, "humidity": 83, "pressure": {"press": 1017, "sea_level": null}, "temperature": {"temp": 293.53, "feels_like": 293.79}, "status": "Clouds", "detailed_status": "overcast clouds", "weather_code": 804, "weather_icon_name": "04d", "visibility_distance": 10000, "dewpoint": 290.55, "humidex": null, "heat_index": null, "utc_offset": null, "uvi": 0.53, "precipitation_probability": null}