{"reference_time": 1668865682, "sunset_time": 1668848049, "sunrise_time": 1668810239, "clouds": 37, "rain": {}, "snow": {}, "wind": {"speed": 3.58, "deg": 288, "gust": 7.16}, "humidity": 77, "pressure": {"press": 1018, "sea_level": null}, "temperature": {"temp": 290.71, "feels_like": 290.53}, "status": "Clouds", "detailed_status": "scattered clouds", "weather_code": 802, "weather_icon_name": "03n", "visibility_distance": 10000, "dewpoint": 286.64, "humidex": null, "heat_index": null, "utc_offset": null, "uvi": 0, "precipitation_probability": null}