{"reference_time": 1668848462, "sunset_time": 1668848049, "sunrise_time": 1668810239, "clouds": 96, "rain": {}, "snow": {}, "wind": {"speed": 0.48, "deg": 127, "gust": 1}, "humidity": 78, "pressure": {"press": 1017, "sea_level": null}, "temperature": {"temp": 291.41, "feels_like": 291.33}, "status": "Clouds", "detailed_status": "overcast clouds", "weather_code": 804, "weather_icon_name": "04n", "visibility_distance": 10000, "dewpoint": 287.51, "humidex": null, "heat_index": null, "utc_offset": null, "uvi": 0, "precipitation_probability": null}