{"reference_time": 1668842702, "sunset_time": 1668848049, "sunrise_time": 1668810239, "clouds": 93, "rain": {}, "snow": {}, "wind": {"speed": 1.35, "deg": 99, "gust": 2.26}, "humidity": 86, "pressure": {"press": 1017, "sea_level": null}, "temperature": {"temp": 293.13, "feels_like": 293.43}, "status": "Clouds", "detailed_status": "overcast clouds", "weather_code": 804, "weather_icon_name": "04d", "visibility_distance": 10000, "dewpoint": 290.72, "humidex": null, "heat_index": null, "utc_offset": null, "uvi": 0, "precipitation_probability": null}