{"reference_time": 1668831242, "sunset_time": 1668848049, "sunrise_time": 1668810239, "clouds": 100, "rain": {}, "snow": {}, "wind": {"speed": 2.02, "deg": 73, "gust": 3.76}, "humidity": 68, "pressure": {"press": 1018, "sea_level": null}, "temperature": {"temp": 293.34, "feels_like": 293.19}, "status": "Clouds", "detailed_status": "overcast clouds", "weather_code": 804, "weather_icon_name": "04d", "visibility_distance": 10000, "dewpoint": 287.25, "humidex": null, "heat_index": null, "utc_offset": null, "uvi": 0.61, "precipitation_probability": null}