{"reference_time": 1668858782, "sunset_time": 1668848049, "sunrise_time": 1668810239, "clouds": 90, "rain": {}, "snow": {}, "wind": {"speed": 2.96, "deg": 289, "gust": 5.68}, "humidity": 77, "pressure": {"press": 1018, "sea_level": null}, "temperature": {"temp": 290.71, "feels_like": 290.53}, "status": "Clouds", "detailed_status": "overcast clouds", "weather_code": 804, "weather_icon_name": "04n", "visibility_distance": 10000, "dewpoint": 286.64, "humidex": null, "heat_index": null, "utc_offset": null, "uvi": 0, "precipitation_probability": null}