{"reference_time": 1668823142, "sunset_time": 1668848049, "sunrise_time": 1668810239, "clouds": 100, "rain": {}, "snow": {}, "wind": {"speed": 2.68, "deg": 61, "gust": 5.41}, "humidity": 82, "pressure": {"press": 1020, "sea_level": null}, "temperature": {"temp": 292.79, "feels_like": 292.95}, "status": "Clouds", "detailed_status": "overcast clouds", "weather_code": 804, "weather_icon_name": "04d", "visibility_distance": 10000, "dewpoint": 289.63, "humidex": null, "heat_index": null, "utc_offset": null, "uvi": 0.2, "precipitation_probability": null}