{"reference_time": 1668856502, "sunset_time": 1668848049, "sunrise_time": 1668810239, "clouds": 97, "rain": {}, "snow": {}, "wind": {"speed": 1.07, "deg": 264, "gust": 2.29}, "humidity": 77, "pressure": {"press": 1018, "sea_level": null}, "temperature": {"temp": 290.94, "feels_like": 290.79}, "status": "Clouds", "detailed_status": "overcast clouds", "weather_code": 804, "weather_icon_name": "04n", "visibility_distance": 10000, "dewpoint": 286.86, "humidex": null, "heat_index": null, "utc_offset": null, "uvi": 0, "precipitation_probability": null}