{"reference_time": 1668870302, "sunset_time": 1668848049, "sunrise_time": 1668810239, "clouds": 47, "rain": {}, "snow": {}, "wind": {"speed": 3.65, "deg": 290, "gust": 7.49}, "humidity": 76, "pressure": {"press": 1018, "sea_level": null}, "temperature": {"temp": 290.47, "feels_like": 290.24}, "status": "Clouds", "detailed_status": "scattered clouds", "weather_code": 802, "weather_icon_name": "03n", "visibility_distance": 10000, "dewpoint": 286.2, "humidex": null, "heat_index": null, "utc_offset": null, "uvi": 0, "precipitation_probability": null}