{"reference_time": 1668841562, "sunset_time": 1668848049, "sunrise_time": 1668810239, "clouds": 93, "rain": {}, "snow": {}, "wind": {"speed": 1.35, "deg": 99, "gust": 2.26}, "humidity": 85, "pressure": {"press": 1017, "sea_level": null}, "temperature": {"temp": 293.28, "feels_like": 293.57}, "status": "Clouds", "detailed_status": "overcast clouds", "weather_code": 804, "weather_icon_name": "04d", "visibility_distance": 10000, "dewpoint": 290.68, "humidex": null, "heat_index": null, "utc_offset": null, "uvi": 0.22, "precipitation_probability": null}