{"reference_time": 1668839282, "sunset_time": 1668848049, "sunrise_time": 1668810239, "clouds": 97, "rain": {}, "snow": {}, "wind": {"speed": 1.8, "deg": 75, "gust": 2.92}, "humidity": 73, "pressure": {"press": 1017, "sea_level": null}, "temperature": {"temp": 293.51, "feels_like": 293.51}, "status": "Clouds", "detailed_status": "overcast clouds", "weather_code": 804, "weather_icon_name": "04d", "visibility_distance": 10000, "dewpoint": 288.51, "humidex": null, "heat_index": null, "utc_offset": null, "uvi": 0, "precipitation_probability": null}