{"reference_time": 1668853082, "sunset_time": 1668848049, "sunrise_time": 1668810239, "clouds": 97, "rain": {}, "snow": {}, "wind": {"speed": 0.43, "deg": 212, "gust": 1.15}, "humidity": 85, "pressure": {"press": 1018, "sea_level": null}, "temperature": {"temp": 291.31, "feels_like": 291.4}, "status": "Clouds", "detailed_status": "overcast clouds", "weather_code": 804, "weather_icon_name": "04n", "visibility_distance": 10000, "dewpoint": 288.75, "humidex": null, "heat_index": null, "utc_offset": null, "uvi": 0, "precipitation_probability": null}